source_url,name,source,source_product_id,brand,category,price,original_price,availability,description,image_url,specifications,captured_at
https://www.tk3c.com/product/117872?p=1&kw=無線滑鼠&ec=Search_goodsPC1,燦坤獨家｜羅技 Logitech M185 無線滑鼠 黑灰色,tk3c,117872,Logitech,Wireless Mouse,468.0,,InStock,12個月電池壽命、Nano超小型接收器，並附儲存槽、3年保固、雙色外型設計、1000dpi高解析度、燦坤獨家商品,https://www.cdn-tkec.tw/image/product/201107/117872_M.jpg?t=20251201161001,{},2026-09-09T08:41:52.110696+00:00
https://www.tk3c.com/product/224571?p=1&kw=無線滑鼠&ec=Search_goodsPC1,雷蛇 Razer 煉獄虫奎蛇V2 X速度版無線電競滑鼠,tk3c,224571,RAZER,Wireless Mouse,999.0,,InStock,7 顆可獨立編程按鍵、右手專用人體工學設計、電競級觸覺回饋滾輪、內建 DPI 和按鍵配置儲存空間,https://www.cdn-tkec.tw/image/product/202201/224571_M.jpg?t=20241024094109,{},2026-09-09T08:41:53.483413+00:00
https://www.tk3c.com/product/119180?p=1&kw=無線滑鼠&ec=Search_goodsPC1,燦坤獨家｜羅技 Logitech M185 無線滑鼠 黑藍色,tk3c,119180,Logitech,Wireless Mouse,468.0,,InStock,12個月電池壽命、Nano超小型接收器，並附儲存槽、3年保固、雙色外型設計、1000dpi高解析度、燦坤獨家商品,https://www.cdn-tkec.tw/image/product/201109/119180_M.jpg?t=20251201160939,{},2026-09-09T08:41:54.860155+00:00
https://www.tk3c.com/product/117873?p=1&kw=無線滑鼠&ec=Search_goodsPC1,燦坤獨家｜羅技 Logitech M185 無線滑鼠 黑紅色,tk3c,117873,Logitech,Wireless Mouse,649.0,,InStock,12個月電池壽命、Nano超小型接收器，並附儲存槽、3年保固、雙色外型設計、1000dpi高解析度、燦坤獨家商品,https://www.cdn-tkec.tw/image/product/201107/117873_M.jpg?t=20251201161008,{},2026-09-09T08:41:56.251049+00:00
https://www.tk3c.com/product/232447?p=1&kw=無線滑鼠&ec=Search_goodsPC1,羅技 Logitech LIFT 人體工學垂直無線滑鼠-玫瑰粉,tk3c,232447,Logitech,Wireless Mouse,2490.0,,InStock,嶄新Logi Bolt 新一代的接收器技術、持久續航2年電池壽命、Easy-Swich 功能裝置自由切換、57度雙認證人體工學設計,https://www.cdn-tkec.tw/image/product/202208/232447_M.jpg?t=20251203142923,{},2026-09-09T08:41:57.616715+00:00
https://www.tk3c.com/product/259254?p=1&kw=無線滑鼠&ec=Search_goodsPC1,賽睿 Rival 3 Gen 2無線電競滑鼠-夜澈黑,tk3c,259254,SteelSerie,Wireless Mouse,1590.0,,InStock,比以往更快，點擊延遲僅 1.9 毫秒、遊戲等級 2.4GHz 無線連線與藍牙雙模、18K DPI 實現真正1對1精準追蹤、保證可承受 6000 萬次點擊、遊戲等級 2.4GHz 無線連線與藍牙雙模、經戰鬥驗證的外型設計，輕巧舒適、專為遊戲打造的獨特滑鼠,https://www.cdn-tkec.tw/image/product/202506/259254_M.jpg?t=20250609121517,{},2026-09-09T08:41:58.958313+00:00
https://www.tk3c.com/product/243485?p=1&kw=無線滑鼠&ec=Search_goodsPC1,Esense 無線靜音滑鼠-銀,tk3c,243485,Esense,Wireless Mouse,299.0,,SoldOut,"別於一般靜音滑鼠，四鍵皆採用靜音按鍵設計、特殊極靜音設計，給您舒適寧靜的使用環境、解析度1000/1200/1600三種DPI選擇、藍光光學感應技術，使用游標加倍精準、2.4GHz無線技術,操控距離可達10公尺、瀏覽快速翻頁功能鍵，提高使用效能與便利性、隱藏收納接收器設計，快速更換超方便、電池使用超省電",https://www.cdn-tkec.tw/image/product/202309/243485_M.jpg?t=20230927223013,{},2026-09-09T08:42:00.308600+00:00
https://www.tk3c.com/product/264030?p=1&kw=無線滑鼠&ec=Search_goodsPC1,Acer M17無線雙模輕漾滑鼠-灰藍,tk3c,264030,ACER,Wireless Mouse,699.0,,InStock,支援 2.4GHz 無線(USB Dongle)、支援藍牙 5.2（BT5.2）、提供 800 /1200預設/1600 DPI 靈敏度選擇、無線操作距離約10公尺,https://www.cdn-tkec.tw/image/product/202510/264030_M.jpg?t=20251029201530,{},2026-09-09T08:42:01.688556+00:00
https://www.tk3c.com/product/218088?p=1&kw=無線滑鼠&ec=Search_goodsPC1,雷蛇 Razer Orochi V2八岐大蛇靈刃無線滑鼠-黑,tk3c,218088,RAZER,Wireless Mouse,1088.0,,InStock,不到 60 公克的超輕量設計、雙無線模式、長達 950 個小時的電池續航力,https://www.cdn-tkec.tw/image/product/202105/218088_M.jpg?t=20210525143023,{},2026-09-09T08:42:03.098106+00:00
https://www.tk3c.com/product/244725?p=1&kw=無線滑鼠&ec=Search_goodsPC1,PREDATOR CESTUS 350無線電競滑鼠,tk3c,244725,Predator,Wireless Mouse,1690.0,,InStock,高速精準度的雙模風格，靈巧大範圍操作、五段DPI(最高16000 DPI)、9Keys巨集可編程、400IPS/40G加速、有線 2000Hz/0.5ms 回報率、無線 1000Hz/1ms 回報率、支援驅動程式(PredatorQuarterMaster)、6.8M RGB背光、單鍵2000萬次點擊壽命,https://www.cdn-tkec.tw/image/product/202311/244725_M.jpg?t=20231128143016,{},2026-09-09T08:42:04.449669+00:00
https://www.tk3c.com/product/237107?p=1&kw=無線滑鼠&ec=Search_goodsPC1,華碩 ROG-HARPE-ACE輕量無線三模電競滑鼠,tk3c,237107,ASUS,Wireless Mouse,2990.0,,InStock,經專業玩家測試認可的鼠型、輕量級 54 g設計、ROG AimPoint 光學感測器、三模連線功能、ROG SpeedNova 無線技術、ROG 微動開關、ROG 圖騰防滑貼,https://www.cdn-tkec.tw/image/product/202302/237107_M.jpg?t=20230303105822,{},2026-09-09T08:42:05.801743+00:00
https://www.tk3c.com/product/211603?p=1&kw=無線滑鼠&ec=Search_goodsPC1,RASTO RM10超靜音無線滑鼠-白,tk3c,211603,Rasto,Wireless Mouse,299.0,,InStock,無線超靜音 長效省電、四鍵式設計、USB隨插即用、2.4G無線技術,https://www.cdn-tkec.tw/image/product/202009/211603_M.jpg?t=20200921143206,{},2026-09-09T08:42:07.157359+00:00
https://www.tk3c.com/product/191103?p=1&kw=無線滑鼠&ec=Search_goodsPC1,雷柏 M10 PLUS 無線光學滑鼠-黑,tk3c,191103,雷柏,Wireless Mouse,299.0,,InStock,2.4G無線傳輸10米傳輸距離、1000DPI辦公家用專用、電池壽命長達9個月,https://www.cdn-tkec.tw/image/product/201809/191103_M.jpg?t=20240708091342,{},2026-09-09T08:42:08.672997+00:00
https://www.tk3c.com/product/239045?p=1&kw=無線滑鼠&ec=Search_goodsPC1,E-books M71手感型超靜音無線滑鼠,tk3c,239045,E-books,Wireless Mouse,199.0,,InStock,1200DPI 精準定位、USB接收器隨插即用、無線超靜音、低耗省電、2.4GHz無線技術與10公尺追蹤距離,https://www.cdn-tkec.tw/image/product/202304/239045_M.jpg?t=20230428173021,{},2026-09-09T08:42:10.075502+00:00
https://www.tk3c.com/product/264031?p=1&kw=無線滑鼠&ec=Search_goodsPC1,Acer M17無線雙模輕漾滑鼠-綠,tk3c,264031,ACER,Wireless Mouse,699.0,,InStock,支援 2.4GHz 無線(USB Dongle)、支援藍牙 5.2（BT5.2）、提供 800 /1200預設/1600 DPI 靈敏度選擇、無線操作距離約10公尺,https://www.cdn-tkec.tw/image/product/202510/264031_M.jpg?t=20251029201530,{},2026-09-09T08:42:12.869193+00:00
https://www.tk3c.com/product/218089?p=1&kw=無線滑鼠&ec=Search_goodsPC1,雷蛇 Razer Orochi V2八岐大蛇靈刃無線滑鼠-白,tk3c,218089,RAZER,Wireless Mouse,1088.0,,InStock,不到 60 公克的超輕量設計、雙無線模式、長達 950 個小時的電池續航力,https://www.cdn-tkec.tw/image/product/202105/218089_M.jpg?t=20210525143024,{},2026-09-09T08:42:14.219727+00:00
https://www.tk3c.com/product/262515?p=1&kw=機械式鍵盤&ec=Search_goodsPC1,羅技 Logitech ALTO KEYS K98M機械式無線鍵盤-珍珠白,tk3c,262515,Logitech,Mechanical Keyboard,2690.0,,InStock,獨創大理石軸客製化鍵盤、Gasket結構，雲感緩震層、透明潮流質感，簡約俐落色調、跨平台連接，最高可配對3個裝置、一鍵連接AI常用工具，效率再提升、背光設計，質感滿分,https://www.cdn-tkec.tw/image/product/202509/262515_M.jpg?t=20250912201611,{},2026-09-09T08:42:15.592811+00:00
https://www.tk3c.com/product/212026?p=1&kw=機械式鍵盤&ec=Search_goodsPC1,羅技 Logitech G512 RGB機械式遊戲鍵盤 青軸,tk3c,212026,Logitech,Mechanical Keyboard,2290.0,,InStock,USB 轉接埠 資料和電源連線、LIGHTSYNC 可自訂、回應式背光、鋁鎂合金 陽極氧化，拉絲處理、媒體與背光控制在您彈指可及的地方就可操作,https://www.cdn-tkec.tw/image/product/202009/212026_M.jpg?t=20250521094900,{},2026-09-09T08:42:17.037650+00:00
https://www.tk3c.com/product/208973?p=1&kw=機械式鍵盤&ec=Search_goodsPC1,羅技 Logitech G512 RGB機械式遊戲鍵盤 GX觸感軸,tk3c,208973,Logitech,Mechanical Keyboard,2290.0,,InStock,USB 轉接埠 資料和電源連線、LIGHTSYNC 可自訂、回應式背光、鋁鎂合金 陽極氧化，拉絲處理、媒體與背光控制在您彈指可及的地方就可操作,https://www.cdn-tkec.tw/image/product/202006/208973_M.jpg?t=20250521094926,{},2026-09-09T08:42:18.523904+00:00
https://www.tk3c.com/product/234211?p=1&kw=機械式鍵盤&ec=Search_goodsPC1,雷蛇 Razer 雨林狼蛛V3類機械式RGB鍵盤,tk3c,234211,RAZER,Mechanical Keyboard,1888.0,,InStock,短軸按鍵、RAZER 機械式薄膜按鍵軸、UV 鍍膜鍵帽、背光專用媒體鍵、動態的燈光效果,https://www.cdn-tkec.tw/image/product/202210/234211_M.jpg?t=20221004183010,{},2026-09-09T08:42:19.882291+00:00
https://www.tk3c.com/product/262516?p=1&kw=機械式鍵盤&ec=Search_goodsPC1,羅技 Logitech ALTO KEYS K98M機械式無線鍵盤-夢幻紫,tk3c,262516,Logitech,Mechanical Keyboard,2690.0,,InStock,獨創大理石軸客製化鍵盤、Gasket結構，雲感緩震層、透明潮流質感，簡約俐落色調、跨平台連接，最高可配對3個裝置、一鍵連接AI常用工具，效率再提升、背光設計，質感滿分,https://www.cdn-tkec.tw/image/product/202509/262516_M.jpg?t=20260525100639,{},2026-09-09T08:42:20.429484+00:00
https://www.tk3c.com/product/251082?p=1&kw=機械式鍵盤&ec=Search_goodsPC1,雷蛇 Razer 黑寡婦蜘蛛V3短軸機械式鍵盤(英文),tk3c,251082,RAZER,Mechanical Keyboard,2090.0,,InStock,"RAZER 機械軸、Razer Chroma RGB 加持、可自訂燈光效果,提供更加沉浸的遊戲體驗、8,000萬次按鍵敲擊使用壽命、精巧的外型設計、多元佈線選項、可自訂設定檔,按鍵綁定和巨集",https://www.cdn-tkec.tw/image/product/202408/251082_M.jpg?t=20240826113019,{},2026-09-09T08:42:21.782284+00:00
https://www.tk3c.com/product/258585?p=1&kw=機械式鍵盤&ec=Search_goodsPC1,羅技 Logitech G515 TKL輕薄無線機械式電競鍵盤-黑,tk3c,258585,Logitech,Mechanical Keyboard,3290.0,,InStock,僅22公釐的超薄外型，時尚美型、採用GL薄型機械式按鍵軸，回應速度更快、可靠的遊戲效能，可長達36小時不間斷遊戲、更流暢的手感、更快的觸發速度,https://www.cdn-tkec.tw/image/product/202505/258585_M.jpg?t=20250617120259,{},2026-09-09T08:42:23.143580+00:00
https://www.tk3c.com/product/258586?p=1&kw=機械式鍵盤&ec=Search_goodsPC1,羅技 Logitech G515 TKL輕薄無線機械式電競鍵盤-白,tk3c,258586,Logitech,Mechanical Keyboard,3290.0,,LimitedAvailability,僅22公釐的超薄外型，時尚美型、採用GL薄型機械式按鍵軸，回應速度更快、可靠的遊戲效能，可長達36小時不間斷遊戲、更流暢的手感、更快的觸發速度,https://www.cdn-tkec.tw/image/product/202505/258586_M.jpg?t=20250617120253,{},2026-09-09T08:42:24.614728+00:00
https://www.tk3c.com/product/258593?p=1&kw=機械式鍵盤&ec=Search_goodsPC1,羅技 Logitech G915 X TKL線性軸無線RGB機械式鍵盤-黑,tk3c,258593,Logitech,Mechanical Keyboard,5190.0,,InStock,低平機械鍵帽、纖薄外型、鋁合金上蓋、觸發點僅1.3mm，有效提高APM、每個鍵最多可設定15種功能，自訂功能無極限、可自訂快捷設定，美型功能兼具,https://www.cdn-tkec.tw/image/product/202505/258593_M.jpg?t=20250710141308,{},2026-09-09T08:42:25.971558+00:00
https://www.tk3c.com/product/258597?p=1&kw=機械式鍵盤&ec=Search_goodsPC1,羅技 Logitech G915 X線性軸無線RGB機械式鍵盤-黑,tk3c,258597,Logitech,Mechanical Keyboard,5490.0,,SoldOut,低平機械鍵帽、纖薄外型、鋁合金上蓋、觸發點僅1.3mm，有效提高APM、可透過9個G功能鍵、滾輪編訂序列、可自訂快捷設定，美型功能兼具,https://www.cdn-tkec.tw/image/product/202505/258597_M.jpg?t=20250710141245,{},2026-09-09T08:42:27.329196+00:00
https://www.tk3c.com/product/262514?p=1&kw=機械式鍵盤&ec=Search_goodsPC1,羅技 Logitech ALTO KEYS K98M機械式無線鍵盤-石墨黑,tk3c,262514,Logitech,Mechanical Keyboard,2690.0,,InStock,獨創大理石軸客製化鍵盤、Gasket結構，雲感緩震層、透明潮流質感，簡約俐落色調、跨平台連接，最高可配對3個裝置、一鍵連接AI常用工具，效率再提升、背光設計，質感滿分,https://www.cdn-tkec.tw/image/product/202509/262514_M.jpg?t=20260525100649,{},2026-09-09T08:42:28.690512+00:00
https://www.tk3c.com/product/208974?p=1&kw=機械式鍵盤&ec=Search_goodsPC1,羅技 Logitech G512 RGB機械式遊戲鍵盤 GX線性軸,tk3c,208974,Logitech,Mechanical Keyboard,2290.0,,InStock,USB 轉接埠 資料和電源連線、LIGHTSYNC 可自訂、回應式背光、鋁鎂合金 陽極氧化，拉絲處理、媒體與背光控制在您彈指可及的地方就可操作,https://www.cdn-tkec.tw/image/product/202006/208974_M.jpg?t=20250521094913,{},2026-09-09T08:42:30.059671+00:00
https://www.tk3c.com/product/240542?p=1&kw=機械式鍵盤&ec=Search_goodsPC1,雷蛇 Razer 雨林狼蛛V3機械式薄膜短軸鍵盤,tk3c,240542,RAZER,Mechanical Keyboard,1788.0,,InStock,短軸按鍵、機械式薄膜按鍵軸、UV 鍍膜鍵帽、防潑水設計、1000Hz超快輪詢率,https://www.cdn-tkec.tw/image/product/202306/240542_M.jpg?t=20260211133733,{},2026-09-09T08:42:31.407345+00:00
https://www.tk3c.com/product/259245?p=1&kw=機械式鍵盤&ec=Search_goodsPC1,羅技 Logitech PRO X TKL無線機械式遊戲鍵盤-黑,tk3c,259245,Logitech,Mechanical Keyboard,4990.0,,InStock,專為職業選手量身訂製、LIGHTSPEED無線技術、無數字鍵台精巧設計、約1680萬色RGB,https://www.cdn-tkec.tw/image/product/202506/259245_M.jpg?t=20250703094826,{},2026-09-09T08:42:32.766759+00:00
https://www.tk3c.com/product/254147?p=1&kw=USB-C 傳輸線&ec=Search_goodsPC1,Riivan USB-C TO C 100W快充傳輸線1.2M-白,tk3c,254147,Riivan,USB-C Cable,349.0,,InStock,高韌度鐵佛龍線心保護層、高強度Kelvar防彈纖維、抗干擾EMI遮蔽層、PVC強化絕緣外皮、織布編織保護網、絕對硬漢線，三年保固,https://www.cdn-tkec.tw/image/product/202411/254147_M.jpg?t=20241119113013,{},2026-09-09T08:42:35.500363+00:00
https://www.tk3c.com/product/254156?p=1&kw=USB-C 傳輸線&ec=Search_goodsPC1,Riivan USB-C TO C 100W快充傳輸線2M-灰,tk3c,254156,Riivan,USB-C Cable,429.0,,InStock,高韌度鐵佛龍線心保護層、高強度Kelvar防彈纖維、抗干擾EMI遮蔽層、PVC強化絕緣外皮、織布編織保護網、絕對硬漢線，三年保固,https://www.cdn-tkec.tw/image/product/202411/254156_M.jpg?t=20241119113014,{},2026-09-09T08:42:36.875967+00:00
https://www.tk3c.com/product/267692?p=1&kw=USB-C 傳輸線&ec=Search_goodsPC1,Riivan USB-C to C 60W快充傳輸線1.2M-金,tk3c,267692,Riivan,USB-C Cable,349.0,,InStock,高韌度鐵佛龍線心保護層、高強度Kelvar防彈纖維、抗干擾EMI遮蔽層、PVC強化絕緣外皮、織布編織保護網、絕對硬漢線，三年保固,https://www.cdn-tkec.tw/image/product/202603/267692_M.jpg?t=20260316131506,{},2026-09-09T08:42:38.238705+00:00
https://www.tk3c.com/product/245692?p=1&kw=USB-C 傳輸線&ec=Search_goodsPC1,大通 USB-C to C 3.2 Gen2編織傳輸線1M-黑,tk3c,245692,大通PX,USB-C Cable,509.0,,InStock,支援PD 240W高功率快速充電、高速數據傳輸 USB 3.2 Gen2 10Gbps、TypeC to C 數據傳輸&充電二合一、SR接頭強化設計 耐彎折、接頭耐插拔一萬次、鋁合金接頭 外型美觀堅固且抗干擾、鍍金接頭 抗氧化穩定傳輸、編織包覆更耐用不易破損,https://www.cdn-tkec.tw/image/product/202401/245692_M.jpg?t=20240229212103,{},2026-09-09T08:42:39.599861+00:00
https://www.tk3c.com/product/197339?p=1&kw=USB-C 傳輸線&ec=Search_goodsPC1,亞果元素ADAM USB-C to Lightning充電傳輸線1.2m-黑,tk3c,197339,ADAM,USB-C Cable,590.0,,InStock,蘋果原廠MFi認證、支援iPhone與iPad 系列PD快速充電、iPhone X 0%∼50%只要30分鐘、內部金屬編織網隔絕干擾、堅固尼龍編織線材並強化接頭、三年保固,https://www.cdn-tkec.tw/image/product/201904/197339_M.jpg?t=20190423153014,{},2026-09-09T08:42:40.946237+00:00
https://www.tk3c.com/product/199452?p=1&kw=USB-C 傳輸線&ec=Search_goodsPC1,ADAM USB-C to Lightning充電傳輸線2m-黑,tk3c,199452,ADAM,USB-C Cable,690.0,,InStock,蘋果原廠MFi認證、支援iPhone與iPad 系列PD快速充電、iPhone X 0%∼50%只要30分鐘、內部金屬編織網隔絕干擾、堅固尼龍編織線材並強化接頭、三年保固,https://www.cdn-tkec.tw/image/product/201906/199452_M.jpg?t=20190611183023,{},2026-09-09T08:42:42.302291+00:00
https://www.tk3c.com/product/245688?p=1&kw=USB-C 傳輸線&ec=Search_goodsPC1,大通PX USB-C to C USB2.0充電傳輸線1M-白,tk3c,245688,大通PX,USB-C Cable,269.0,,InStock,支援PD 60W高功率快速充電、資料傳輸功能 480Mbps、TypeC to C 數據傳輸&充電二合一、SR接頭強化設計 耐彎折、接頭耐插拔一萬次、鋁合金接頭 外型美觀堅固且抗干擾、鍍金接頭 抗氧化穩定傳輸、TPE披覆 不怕脆化及變形,https://www.cdn-tkec.tw/image/product/202401/245688_M.jpg?t=20240229211421,{},2026-09-09T08:42:43.660627+00:00
https://www.tk3c.com/product/245691?p=1&kw=USB-C 傳輸線&ec=Search_goodsPC1,大通 USB-C to C 3.2 Gen2充電傳輸線2M-白,tk3c,245691,大通PX,USB-C Cable,509.0,,InStock,支援PD 240W高功率快速充電、高速數據傳輸 USB 3.2 Gen2 10Gbps、TypeC to C 數據傳輸&充電二合一、SR接頭強化設計 耐彎折、接頭耐插拔一萬次、鋁合金接頭 外型美觀堅固且抗干擾、鍍金接頭 抗氧化穩定傳輸、編織包覆更耐用不易破損,https://www.cdn-tkec.tw/image/product/202401/245691_M.jpg?t=20240229211825,{},2026-09-09T08:42:45.026225+00:00
https://www.tk3c.com/product/245689?p=1&kw=USB-C 傳輸線&ec=Search_goodsPC1,大通 USB-C to C USB2.0充電傳輸線2M-白,tk3c,245689,大通PX,USB-C Cable,309.0,,InStock,支援PD 60W高功率快速充電、資料傳輸功能 480Mbps、TypeC to C 數據傳輸&充電二合一、SR接頭強化設計 耐彎折、接頭耐插拔一萬次、鋁合金接頭 外型美觀堅固且抗干擾、鍍金接頭 抗氧化穩定傳輸、TPE披覆 不怕脆化及變形,https://www.cdn-tkec.tw/image/product/202401/245689_M.jpg?t=20240229211600,{},2026-09-09T08:42:46.370293+00:00
https://www.tk3c.com/product/245690?p=1&kw=USB-C 傳輸線&ec=Search_goodsPC1,大通 USB-C to C 3.2 Gen2充電傳輸線1M-白,tk3c,245690,大通PX,USB-C Cable,469.0,,InStock,支援PD 240W高功率快速充電、高速數據傳輸 USB 3.2 Gen2 10Gbps、TypeC to C 數據傳輸&充電二合一、SR接頭強化設計 耐彎折、接頭耐插拔一萬次、鋁合金接頭 外型美觀堅固且抗干擾、鍍金接頭 抗氧化穩定傳輸、編織包覆更耐用不易破損,https://www.cdn-tkec.tw/image/product/202401/245690_M.jpg?t=20240229211738,{},2026-09-09T08:42:47.719832+00:00
https://www.tk3c.com/product/245693?p=1&kw=USB-C 傳輸線&ec=Search_goodsPC1,大通 USB-C to C 3.2 Gen2編織傳輸線1M-灰,tk3c,245693,大通PX,USB-C Cable,509.0,,InStock,支援PD 240W高功率快速充電、高速數據傳輸 USB 3.2 Gen2 10Gbps、TypeC to C 數據傳輸&充電二合一、SR接頭強化設計 耐彎折、接頭耐插拔一萬次、鋁合金接頭 外型美觀堅固且抗干擾、鍍金接頭 抗氧化穩定傳輸、編織包覆更耐用不易破損,https://www.cdn-tkec.tw/image/product/202401/245693_M.jpg?t=20240229212321,{},2026-09-09T08:42:49.305503+00:00
https://www.tk3c.com/product/245694?p=1&kw=USB-C 傳輸線&ec=Search_goodsPC1,大通 USB-C to C 3.2 Gen2編織傳輸線2M-黑,tk3c,245694,大通PX,USB-C Cable,529.0,,InStock,支援PD 240W高功率快速充電、高速數據傳輸 USB 3.2 Gen2 10Gbps、TypeC to C 數據傳輸&充電二合一、SR接頭強化設計 耐彎折、接頭耐插拔一萬次、鋁合金接頭 外型美觀堅固且抗干擾、鍍金接頭 抗氧化穩定傳輸、編織包覆更耐用不易破損,https://www.cdn-tkec.tw/image/product/202401/245694_M.jpg?t=20240229212142,{},2026-09-09T08:42:50.657299+00:00
https://www.tk3c.com/product/245695?p=1&kw=USB-C 傳輸線&ec=Search_goodsPC1,大通 USB-C to C 3.2 Gen2編織傳輸線2M-灰,tk3c,245695,大通PX,USB-C Cable,529.0,,InStock,支援PD 240W高功率快速充電、高速數據傳輸 USB 3.2 Gen2 10Gbps、TypeC to C 數據傳輸&充電二合一、SR接頭強化設計 耐彎折、接頭耐插拔一萬次、鋁合金接頭 外型美觀堅固且抗干擾、鍍金接頭 抗氧化穩定傳輸、編織包覆更耐用不易破損,https://www.cdn-tkec.tw/image/product/202401/245695_M.jpg?t=20240229212251,{},2026-09-09T08:42:52.030566+00:00
https://www.tk3c.com/product/254148?p=1&kw=USB-C 傳輸線&ec=Search_goodsPC1,Riivan USB-C TO C 100Wеҝ«е……еӮіијёз·ҡ1.2M-зҒ°,tk3c,254148,Riivan,USB-C Cable,349.0,,InStock,й«ҳйҹҢеәҰйҗөдҪӣйҫҚз·ҡеҝғдҝқиӯ·еұӨгҖҒй«ҳеј·еәҰKelvarйҳІеҪҲзә–з¶ӯгҖҒжҠ—е№Іж“ҫEMIйҒ®и”ҪеұӨгҖҒPVCеј·еҢ–зө•з·ЈеӨ–зҡ®гҖҒз№”еёғз·Ёз№”дҝқиӯ·з¶ІгҖҒзө•е°ҚзЎ¬жјўз·ҡпјҢдёүе№ҙдҝқеӣә,https://www.cdn-tkec.tw/image/product/202411/254148_M.jpg?t=20241119113013,{},2026-09-09T08:42:53.385780+00:00
https://www.tk3c.com/product/254150?p=1&kw=USB-C 傳輸線&ec=Search_goodsPC1,Riivan USB-C TO C 100W快充傳輸線1.2M-黃,tk3c,254150,Riivan,USB-C Cable,349.0,,InStock,高韌度鐵佛龍線心保護層、高強度Kelvar防彈纖維、抗干擾EMI遮蔽層、PVC強化絕緣外皮、織布編織保護網、絕對硬漢線，三年保固,https://www.cdn-tkec.tw/image/product/202411/254150_M.jpg?t=20241119113013,{},2026-09-09T08:42:54.736157+00:00
https://www.tk3c.com/product/254151?p=1&kw=USB-C 傳輸線&ec=Search_goodsPC1,Riivan USB-C TO C 100W快充傳輸線1.5M-白,tk3c,254151,Riivan,USB-C Cable,389.0,,InStock,高韌度鐵佛龍線心保護層、高強度Kelvar防彈纖維、抗干擾EMI遮蔽層、PVC強化絕緣外皮、織布編織保護網、絕對硬漢線，三年保固,https://www.cdn-tkec.tw/image/product/202411/254151_M.jpg?t=20241119113014,{},2026-09-09T08:42:56.114786+00:00
https://www.tk3c.com/product/254154?p=1&kw=USB-C 傳輸線&ec=Search_goodsPC1,Riivan USB-C TO C 100W快充傳輸線1.5M-黃,tk3c,254154,Riivan,USB-C Cable,389.0,,InStock,高韌度鐵佛龍線心保護層、高強度Kelvar防彈纖維、抗干擾EMI遮蔽層、PVC強化絕緣外皮、織布編織保護網、絕對硬漢線，三年保固,https://www.cdn-tkec.tw/image/product/202411/254154_M.jpg?t=20241119113014,{},2026-09-09T08:42:57.464742+00:00
https://www.tk3c.com/product/254155?p=1&kw=USB-C 傳輸線&ec=Search_goodsPC1,Riivan USB-C TO C 100W快充傳輸線2M-白,tk3c,254155,Riivan,USB-C Cable,429.0,,InStock,高韌度鐵佛龍線心保護層、高強度Kelvar防彈纖維、抗干擾EMI遮蔽層、PVC強化絕緣外皮、織布編織保護網、絕對硬漢線，三年保固,https://www.cdn-tkec.tw/image/product/202411/254155_M.jpg?t=20241119113014,{},2026-09-09T08:42:58.860449+00:00
https://www.tk3c.com/product/254157?p=1&kw=USB-C 傳輸線&ec=Search_goodsPC1,Riivan USB-C TO C 100W快充傳輸線2M-粉,tk3c,254157,Riivan,USB-C Cable,429.0,,InStock,高韌度鐵佛龍線心保護層、高強度Kelvar防彈纖維、抗干擾EMI遮蔽層、PVC強化絕緣外皮、織布編織保護網、絕對硬漢線，三年保固,https://www.cdn-tkec.tw/image/product/202411/254157_M.jpg?t=20241119113015,{},2026-09-09T08:43:00.204489+00:00
https://www.tk3c.com/product/261691?p=1&kw=行動電源&ec=Search_goodsPC1,Solide NEXEN半固態防爆行動電源5000mAh-黑,tk3c,261691,Solide,Power Bank,899.0,,InStock,半固態電芯設計，安全耐用不怕爆、輕薄小巧機身，攜帶方便無負擔、磁吸穩固設計，行動電源可吸附免持更方便、20W高效輸出，快速補電不等待、內建 60W C to C 充電吊繩，攜帶充電一線搞定、符合航空規範，登機無憂零風險、極簡現代外型，專為行動生活打造,https://www.cdn-tkec.tw/image/product/202508/261691_M.jpg?t=20251120144710,{},2026-09-09T08:43:01.559632+00:00
https://www.tk3c.com/product/261692?p=1&kw=行動電源&ec=Search_goodsPC1,Solide NEXEN半固態防爆行動電源10000mAh-黑,tk3c,261692,Solide,Power Bank,1299.0,,InStock,半固態電芯設計，安全耐用不怕爆、輕薄小巧機身，攜帶方便無負擔、磁吸穩固設計，行動電源可吸附免持更方便、20W高效輸出，快速補電不等待、內建 60W C to C 充電吊繩，攜帶充電一線搞定、符合航空規範，登機無憂零風險、極簡現代外型，專為行動生活打造,https://www.cdn-tkec.tw/image/product/202508/261692_M.jpg?t=20251120144704,{},2026-09-09T08:43:02.921524+00:00
https://www.tk3c.com/product/258439?p=1&kw=行動電源&ec=Search_goodsPC1,Momax 20W帶線快充行動電源10000mAh-黑,tk3c,258439,Momax,Power Bank,590.0,,InStock,內建USB-C雙向充電線、數字顯示屏即時顯示電量、可以為各種產品快速充電、10000mAh大容量、內建過熱、過充電、短路保護,https://www.cdn-tkec.tw/image/product/202505/258439_M.jpg?t=20251014113412,{},2026-09-09T08:43:04.812464+00:00
https://www.tk3c.com/product/259512?p=1&kw=行動電源&ec=Search_goodsPC1,ROOMMI行動電源小電寶(白)+65W太陽能板,tk3c,259512,OTHERS,Power Bank,11870.0,,OnlineOnly,發電效率高達22 - 25%發電效率、面防塵、防潑水處理、支援USB/DC充電，手機、行動電源也可用、多種充電 ｜USB/AC/TypeC/無線/直流充電、四種照明 ｜強光照明、警告、求救、閱讀燈、高效使用 ｜27000mAh / 99.9Wh,https://www.cdn-tkec.tw/image/product/202506/259512_M.jpg?t=20250829172654,{},2026-09-09T08:43:06.188713+00:00
https://www.tk3c.com/product/259513?p=1&kw=行動電源&ec=Search_goodsPC1,ROOMMI行動電源小電寶(黑)+65W太陽能板,tk3c,259513,OTHERS,Power Bank,11870.0,,OnlineOnly,發電效率高達22 - 25%發電效率、面防塵、防潑水處理、支援USB/DC充電，手機、行動電源也可用、多種充電 ｜USB/AC/TypeC/無線/直流充電、四種照明 ｜強光照明、警告、求救、閱讀燈、高效使用 ｜27000mAh / 99.9Wh,https://www.cdn-tkec.tw/image/product/202506/259513_M.jpg?t=20250729091501,{},2026-09-09T08:43:07.531471+00:00
https://www.tk3c.com/product/229972?p=1&kw=行動電源&ec=Search_goodsPC1,SP 10000mAh QC3.0+PD 快充行動電源-QP55,tk3c,229972,Silicon,Power Bank,599.0,,InStock,"電池容量10,000mAh、雙輸入埠-Type-Cx1 / Lightning x1、雙輸出埠-USB Type-Ax1 / Type-Cx1、選用全新高能量密度輕量化電芯、搭載USB Type-A to Type-C 傳輸線",https://www.cdn-tkec.tw/image/product/202206/229972_M.jpg?t=20220902165819,{},2026-09-09T08:43:08.891761+00:00
https://www.tk3c.com/product/258024?p=1&kw=行動電源&ec=Search_goodsPC1,MCK 18W PD+USB行動電源20000mAh-黑,tk3c,258024,MCK,Power Bank,749.0,,InStock,18W超快充電，傳統行動電源的2倍充電速度、充電時LED燈號顯示電量、可同時補充三種設備Type-C/Micro/USB、符合國際標準/BSMI認證許可,https://www.cdn-tkec.tw/image/product/202504/258024_M.jpg?t=20250421121511,{},2026-09-09T08:43:10.251135+00:00
https://www.tk3c.com/product/262713?p=1&kw=行動電源&ec=Search_goodsPC1,Verbatim 磁吸無線行動電源10000mAh-黑,tk3c,262713,Verbatim,Power Bank,1399.0,,InStock,N/A,https://www.cdn-tkec.tw/image/product/202509/262713_M.jpg?t=20251113132149,{},2026-09-09T08:43:11.605913+00:00
https://www.tk3c.com/product/250952?p=1&kw=行動電源&ec=Search_goodsPC1,INTOPIC 雙線迷你快充行動電源9800mAh-黑,tk3c,250952,Intopic,Power Bank,899.0,,InStock,"超迷你外型尺寸設計、Type-C及Lightning雙線設計、支援QC及PD雙重快充標準、9800mAh高品質鋰聚合電池芯、3.5小時即可充飽行動電源、充電控制/過充/過放/過電流/短路,五重保護、BSMI行動電源安全認證、本產品投保第一產物保險2000萬產品責任險",https://www.cdn-tkec.tw/image/product/202408/250952_M.jpg?t=20241129093733,{},2026-09-09T08:43:12.969628+00:00
https://www.tk3c.com/product/262711?p=1&kw=行動電源&ec=Search_goodsPC1,Verbatim 磁吸無線行動電源5000mAh-黑,tk3c,262711,Verbatim,Power Bank,1199.0,,InStock,通過CCC行動電源認證，品質與安全雙重保障、超薄機身厚度－僅11mm，輕巧好攜帶、高密度電池–5000mAh，大容量續航無憂、提供無線與USB-C端口充電，滿足多樣需求、支援15W磁吸無線充電與PD20W快充，快速高效、配備LED指示燈，電量狀態一目了然、雙向快充及放電USB-C接口，充電更靈活、優雅金屬表面，時尚直角設計，質感升級,https://www.cdn-tkec.tw/image/product/202509/262711_M.jpg?t=20251113132201,{},2026-09-09T08:43:14.313594+00:00
https://www.tk3c.com/product/262712?p=1&kw=行動電源&ec=Search_goodsPC1,Verbatim 磁吸無線行動電源5000mAh-藍,tk3c,262712,Verbatim,Power Bank,1199.0,,InStock,N/A,https://www.cdn-tkec.tw/image/product/202509/262712_M.jpg?t=20251113132151,{},2026-09-09T08:43:15.673057+00:00
https://www.tk3c.com/product/262714?p=1&kw=行動電源&ec=Search_goodsPC1,Verbatim 磁吸無線行動電源10000mAh-藍,tk3c,262714,Verbatim,Power Bank,1399.0,,InStock,N/A,https://www.cdn-tkec.tw/image/product/202509/262714_M.jpg?t=20251113132144,{},2026-09-09T08:43:17.025935+00:00
https://www.tk3c.com/product/247319?p=1&kw=行動電源&ec=Search_goodsPC1,Esense磁吸式PD快充行動電源10000mAh-黑,tk3c,247319,Esense,Power Bank,599.0,,InStock,支援蘋果磁吸式設計，15W無線快充、搭載雙向18WPD快速充電，節省充電時間、背夾可折疊變身為支架，讓您輕鬆追劇、USB孔相容QC3.0快充，迅速補足電力、過充、過放、過電流、過熱、短路5重保護、多功能LED螢幕，充/放電狀態一目了然、高密度聚合物電芯，提升充放電效率、採用防火ABS+PC材質，使用更放心,https://www.cdn-tkec.tw/image/product/202403/247319_M.jpg?t=20240325143011,{},2026-09-09T08:43:18.376025+00:00
https://www.tk3c.com/product/260014?p=1&kw=行動電源&ec=Search_goodsPC1,Momax 磁吸自帶線支架行動電源5000mAh-黑,tk3c,260014,Momax,Power Bank,1299.0,,InStock,自帶線隱藏金屬支架、最高PD 20W輸出、三裝置同時充電、超薄自帶線，即插即充、內建過熱、過充電、短路保護、18顆超強力磁鐵，強力磁吸、有中國3C認證行動電源,https://www.cdn-tkec.tw/image/product/202507/260014_M.jpg?t=20250703104959,{},2026-09-09T08:43:19.735536+00:00
https://www.tk3c.com/product/260015?p=1&kw=行動電源&ec=Search_goodsPC1,Momax 磁吸自帶線支架行動電源5000mAh-白,tk3c,260015,Momax,Power Bank,1299.0,,InStock,自帶線隱藏金屬支架、最高PD 20W輸出、三裝置同時充電、超薄自帶線，即插即充、內建過熱、過充電、短路保護、18顆超強力磁鐵，強力磁吸、有中國3C認證行動電源,https://www.cdn-tkec.tw/image/product/202507/260015_M.jpg?t=20250703105019,{},2026-09-09T08:43:21.096946+00:00
https://www.tk3c.com/product/255311?p=1&kw=行動電源&ec=Search_goodsPC1,LaPO 20W二合一快充行動電源5000mAh-粉紅,tk3c,255311,LaPO,Power Bank,1290.0,,SoldOut,額定容量3250mAh、24cm自帶線雙版本輸出瓦數高達20W、USB-C支援PD/QC協議，最高18W快速充電、快充充電器＆行動電源功能二合一、重量僅170g，隨身超輕巧、100V-240V全球電壓，搭配萬國轉接頭使用、AC插頭充電快速1.5hr替行動電源回充飽電、隱藏式手機支架，兩段式推出設計,https://www.cdn-tkec.tw/image/product/202501/255311_M.jpg?t=20250429150701,{},2026-09-09T08:43:22.458607+00:00
https://www.tk3c.com/product/259288?p=1&kw=行動電源&ec=Search_goodsPC1,INTOPIC 雙線迷你快充行動電源9800mAh-紫,tk3c,259288,Intopic,Power Bank,899.0,,InStock,"超迷你外型尺寸設計、Type-C及Lightning雙線設計、支援QC及PD雙重快充標準、9800mAh高品質鋰聚合電池芯、3.5小時即可充飽行動電源、充電控制/過充/過放/過電流/短路,五重保護、BSMI行動電源安全認證、本產品投保第一產物保險2000萬產品責任險",https://www.cdn-tkec.tw/image/product/202506/259288_M.jpg?t=20250609171508,{},2026-09-09T08:43:23.818057+00:00
https://www.tk3c.com/product/253992?p=1&kw=行動電源&ec=Search_goodsPC1,E-Books B101 MIT磁吸自帶線行動電源-白,tk3c,253992,E-books,Power Bank,1350.0,,InStock,台灣製造，BSMI合格認證、自帶Type C+Lightning雙充電線、LED數字顯示，隨時掌握電量、採用純三元電芯，高循環壽命更長、磁吸式無線快充，60秒內自動偵測功能、可同時為5個設備充電,https://www.cdn-tkec.tw/image/product/202411/253992_M.jpg?t=20250103135825,{},2026-09-09T08:43:25.177653+00:00
https://www.tk3c.com/product/259890?p=1&kw=行動電源&ec=Search_goodsPC1,Anker A1695 165W自帶線行動電源25000mAh,tk3c,259890,Anker,Power Bank,2990.0,,InStock,25000mAh大容量、單孔100W快速輸出、即時監測溫度與電流、自帶雙線+四輸出接口、筆電/手機/任天堂Switch皆適用、符合航空攜帶規範,https://www.cdn-tkec.tw/image/product/202506/259890_M.jpg?t=20250624131511,{},2026-09-09T08:43:26.543710+00:00
https://www.tk3c.com/product/214083?p=1&kw=筆電支架&ec=Search_goodsPC1,iLeco 多功能筆電散熱支架,tk3c,214083,iLeco,Laptop Stand,339.0,,InStock,"加贈手機外掛支架、多孔位鏤空設計,鏤空散熱更強勁、八段角度調整、最低支撐高度 7cm、最高支撐高度18cm、折疊,輕巧便攜輕薄設計15mm",https://www.cdn-tkec.tw/image/product/202012/214083_M.jpg?t=20201214143015,{},2026-09-09T08:43:29.304173+00:00
https://www.tk3c.com/product/226861?p=1&kw=筆電支架&ec=Search_goodsPC1,OATSBASF 可折疊筆電支架,tk3c,226861,OTHERS,Laptop Stand,730.0,,OnlineOnly,適用筆電/平板/電繪版/手機、全方位散熱底部鏤空設計、橫/豎 雙向折疊易攜帶、承重可達50kg使用更穩固、符合人體工學設計、多高角度調節、多重保護固定防滑硅膠,https://www.cdn-tkec.tw/image/product/202203/226861_M.jpg?t=20220325143008,{},2026-09-09T08:43:36.097978+00:00
https://www.tk3c.com/product/226862?p=1&kw=筆電支架&ec=Search_goodsPC1,OATSBASF 魔術棒可折疊筆電支架,tk3c,226862,OTHERS,Laptop Stand,730.0,,SoldOut,適用筆電/平板/電繪版/手機、全方位散熱底部鏤空設計、橫/豎 雙向折疊易攜帶、承重可達50kg使用更穩固、符合人體工學設計、多高角度調節、多重保護固定防滑硅膠,https://www.cdn-tkec.tw/image/product/202203/226862_M.jpg?t=20220825100851,{},2026-09-09T08:43:37.454499+00:00
https://www.tk3c.com/product/255256?p=1&kw=網路攝影機&ec=Search_goodsPC1,D-Link DCS-6501LH/C 迷你無線網路攝影機,tk3c,255256,D-Link,Webcam,1099.0,,InStock,360度高解析度2K 全景視角、水平/垂直搖攝功能的電動鏡頭、8米夜視功能清晰畫面不分早晚、自動影像追蹤功能準確捕捉任何移動、AI邊緣運算技術準確辨識人體移動減少誤判、全景監看功能清晰捕捉家中的每一個角落、可完全旋轉收起達到家庭時間真正的隱私效果、內建雙向語音收音麥克風與揚聲器,https://www.cdn-tkec.tw/image/product/202501/255256_M.jpg?t=20251211175858,{},2026-09-09T08:43:55.454317+00:00
https://www.tk3c.com/product/236071?p=1&kw=網路攝影機&ec=Search_goodsPC1,TP-LINK Tapo C225旋轉式AI網路攝影機,tk3c,236071,TP-LINK,Webcam,1299.0,,InStock,隱私模式保護-按下隱私模式按鈕或是從Tapo App開啟隱私模式，攝影機會轉向收起鏡頭，保護您的隱私、智慧AI偵測與通知-智慧AI偵測可以識別人物、寵物、車輛，同時還能偵測異常的聲音，根據您的需求發送通知、旋轉式攝影機-可以360°旋轉移動角度、移動追蹤-追蹤偵測到移動的人物或物體，確保影像完整的被錄製、星光級感光元件-高靈敏度的星光級感光元件，即使在低光源的環境下能捕捉到更高畫質的影像、聲光警報-當偵測到動作，攝影機會觸發閃光和聲音效果，嚇跑不速之客、語音通話-透過內建的麥克風和揚聲器進行雙向語音通話、簡易設定-依照Tapo App的設定步驟即可在幾分鐘內輕鬆完成設定,https://www.cdn-tkec.tw/image/product/202212/236071_M.jpg?t=20250610111818,{},2026-09-09T08:43:56.813974+00:00
https://www.tk3c.com/product/261877?p=1&kw=網路攝影機&ec=Search_goodsPC1,E-books W17 1080P高畫質HD網路攝影機,tk3c,261877,E-books,Webcam,599.0,,InStock,適用視訊教學、會議、直播多種場景、1980x1080P高清畫質、隨插即用免驅動、一體式設計和夾式底座，穩固安裝、廣角視野設計，360度旋轉鏡頭,https://www.cdn-tkec.tw/image/product/202509/261877_M.jpg?t=20250901111536,{},2026-09-09T08:43:58.691052+00:00
https://www.tk3c.com/product/235337?p=1&kw=網路攝影機&ec=Search_goodsPC1,JLab JBUDS CAM FHD 高畫質網路攝影機,tk3c,235337,JLab,Webcam,1799.0,,OnlineOnly,93度超廣角，遠距、直播皆適合,https://www.cdn-tkec.tw/image/product/202211/235337_M.jpg?t=20221118183011,{},2026-09-09T08:44:00.050264+00:00
https://www.tk3c.com/product/259039?p=1&kw=網路攝影機&ec=Search_goodsPC1,TP-LINK Tapo C260 旋轉式網路攝影機,tk3c,259039,TP-LINK,Webcam,1999.0,,InStock,高畫質的影片錄製、享有 360 水平旋轉和 116 垂直俯仰範圍、在檢測到陌生臉孔時發送即時警報、在低光環境下也能清晰可見、先進的夜視功能提供最遠 12 公尺的可視、AI 技術偵測識別相關事件並發即時通知給您、透過內建麥克風和揚聲器實現雙向通話、透過鏡頭外殼進行物理遮擋，保護您的隱私,https://www.cdn-tkec.tw/image/product/202505/259039_M.jpg?t=20250528181510,{},2026-09-09T08:44:02.785822+00:00
https://www.tk3c.com/product/243519?p=1&kw=網路攝影機&ec=Search_goodsPC1,MINI LITE AI 超廣角4K網路視訊會議攝影機,tk3c,243519,OTHERS,Webcam,6980.0,,OnlineOnly,超清畫質｜優質 4K UHD 超高清解析視訊鏡頭、人臉追蹤｜AI 智能辨識，可顯示7組大頭像、識別功能｜識別參與者離開或進入,https://www.cdn-tkec.tw/image/product/202309/243519_M.jpg?t=20241007181838,{},2026-09-09T08:44:04.125714+00:00
https://www.tk3c.com/product/249670?p=1&kw=網路攝影機&ec=Search_goodsPC1,Philips PSE0560 AI 人像追蹤視訊攝影機,tk3c,249670,PHILIPS,Webcam,5980.0,,OnlineOnly,AI自動人像追蹤視訊會議攝影機,https://www.cdn-tkec.tw/image/product/202406/249670_M.jpg?t=20240607163017,{},2026-09-09T08:44:05.485275+00:00
https://www.tk3c.com/product/247515?p=1&kw=網路攝影機&ec=Search_goodsPC1,Coolpo Desk Mate AI 超廣角2K網路攝影機,tk3c,247515,OTHERS,Webcam,3580.0,,OnlineOnly,2K HD超廣角AI自動追蹤網路攝影機,https://www.cdn-tkec.tw/image/product/202404/247515_M.jpg?t=20240402123010,{},2026-09-09T08:44:06.911791+00:00
https://www.tk3c.com/product/250895?p=1&kw=網路攝影機&ec=Search_goodsPC1,羅技 Logitech C270 HD網路攝影機,tk3c,250895,Logitech,Webcam,799.0,,InStock,影像擷取解析度：最高可達1280x720像素、單聲道降噪麥克風、C270的具備因應光線條件自動調整功能、羅技 Fluid Crystal技術,https://www.cdn-tkec.tw/image/product/202408/250895_M.jpg?t=20241107152745,{},2026-09-09T08:44:08.281441+00:00
https://www.tk3c.com/product/256904?p=1&kw=網路攝影機&ec=Search_goodsPC1,D-Link DCS-8526LH 旋轉式無線網路攝影機,tk3c,256904,D-Link,Webcam,2399.0,,InStock,360高解析度2K QHD 1440p、水平/垂直搖攝功能的電動鏡頭、7米夜視功能清晰畫面不分早晚、自動影像追蹤功能準確捕捉任何移動、AI邊緣運算技術準確辨識人體移動減少誤判、全景監看功能清晰捕捉家中的每一個角落、有線網路埠提供更高的相容性、內建雙向語音收音麥克風與揚聲器,https://www.cdn-tkec.tw/image/product/202503/256904_M.jpg?t=20251029143233,{},2026-09-09T08:44:12.427333+00:00
https://www.tk3c.com/product/258758?p=1&kw=網路攝影機&ec=Search_goodsPC1,圓剛 高畫質自動變焦網路攝影機,tk3c,258758,AverMedia,Webcam,1329.0,,InStock,FULL HD1080P、自動對焦、FHD影像、360度旋轉支架、隱私鏡頭蓋、支援 4英吋3腳架架設、專屬特效軟體,https://www.cdn-tkec.tw/image/product/202505/258758_M.jpg?t=20250515201509,{},2026-09-09T08:44:13.805637+00:00
https://www.tk3c.com/product/216355?p=1&kw=耳罩式耳機&ec=Search_goodsPC1,JLab Studio Pro 耳罩式藍牙耳機,tk3c,216355,JLab,Headphones,1480.0,,SoldOut,藍牙 5.0 技術，穩定連線不延遲、最長達 50 小時連續播放時間、人體工學 Form-Fit 機能設計、CLOUD FOAM 舒適記憶襯墊、客製化調節頭帶，可摺疊收納、內建經典、平衡、重低音模式、Type-C 規格，充 10 分鐘可播 1h、麥克風支援 Siri、Google 助理,https://www.cdn-tkec.tw/image/product/202103/216355_M.jpg?t=20210312183244,{},2026-09-09T08:44:23.414934+00:00
https://www.tk3c.com/product/252396?p=1&kw=耳罩式耳機&ec=Search_goodsPC1,JLab Jbuds Lux ANC 降噪耳罩式藍芽耳機-灰,tk3c,252396,JLab,Headphones,2480.0,,OnlineOnly,實驗室級相容空間音訊及LE Audio,https://www.cdn-tkec.tw/image/product/202409/252396_M.jpg?t=20240911193025,{},2026-09-09T08:44:24.799046+00:00
https://www.tk3c.com/product/216356?p=1&kw=耳罩式耳機&ec=Search_goodsPC1,JLab Studio Pro 耳罩式耳機(有線版),tk3c,216356,JLab,Headphones,1080.0,,SoldOut,輕量機身配備 40mm 大單體、頂級 C3 音效，音質清晰動聽、人體工學 Form-Fit 機能設計、Cloud Foam 舒適記憶襯墊、客製化調節頭帶，可摺疊收納、線控調整曲目、通話、暫停/播放、麥克風支援 Android、iOS 裝置、專利線材，強韌耐用、防止纏繞,https://www.cdn-tkec.tw/image/product/202103/216356_M.jpg?t=20210312183244,{},2026-09-09T08:44:26.142963+00:00
https://www.tk3c.com/product/250600?p=1&kw=耳罩式耳機&ec=Search_goodsPC1,EarFun Wave Pro 耳罩式降噪藍牙耳機-白色,tk3c,250600,OTHERS,Headphones,2580.0,,SoldOut,榮獲2024CES最佳音效獎及VGP金賞,https://www.cdn-tkec.tw/image/product/202407/250600_M.jpg?t=20250827142313,{},2026-09-09T08:44:27.575649+00:00
https://www.tk3c.com/product/250601?p=1&kw=耳罩式耳機&ec=Search_goodsPC1,EarFun Wave Pro 耳罩式降噪藍牙耳機-黑色,tk3c,250601,OTHERS,Headphones,2580.0,,OnlineOnly,榮獲2024CES最佳音效獎及VGP金賞,https://www.cdn-tkec.tw/image/product/202407/250601_M.jpg?t=20250827142308,{},2026-09-09T08:44:29.235621+00:00
https://www.tk3c.com/product/252395?p=1&kw=耳罩式耳機&ec=Search_goodsPC1,JLab Jbuds Lux ANC 降噪耳罩式藍芽耳機-紫,tk3c,252395,JLab,Headphones,2480.0,,OnlineOnly,實驗室級相容空間音訊及LE Audio,https://www.cdn-tkec.tw/image/product/202409/252395_M.jpg?t=20240911193024,{},2026-09-09T08:44:30.604031+00:00
https://www.tk3c.com/product/252397?p=1&kw=耳罩式耳機&ec=Search_goodsPC1,JLab Jbuds Lux ANC 降噪耳罩式藍芽耳機-黑,tk3c,252397,JLab,Headphones,2480.0,,OnlineOnly,實驗室級相容空間音訊及LE Audio,https://www.cdn-tkec.tw/image/product/202409/252397_M.jpg?t=20240911193025,{},2026-09-09T08:44:31.992872+00:00
https://www.tk3c.com/product/252398?p=1&kw=耳罩式耳機&ec=Search_goodsPC1,JLab Jbuds Lux ANC 降噪耳罩式藍芽耳機-綠,tk3c,252398,JLab,Headphones,2480.0,,OnlineOnly,實驗室級相容空間音訊及LE Audio,https://www.cdn-tkec.tw/image/product/202409/252398_M.jpg?t=20240911193025,{},2026-09-09T08:44:33.342592+00:00
https://www.tk3c.com/product/254827?p=1&kw=耳罩式耳機&ec=Search_goodsPC1,Motorola Moto JR200 耳罩式兒童耳機-藍色,tk3c,254827,MOTOROLA,Headphones,399.0,,OnlineOnly,歷久彌新值得信賴的高品質品牌,https://www.cdn-tkec.tw/image/product/202412/254827_M.jpg?t=20260319101032,{},2026-09-09T08:44:34.688608+00:00
https://www.tk3c.com/product/254828?p=1&kw=耳罩式耳機&ec=Search_goodsPC1,Motorola Moto JR200 耳罩式兒童耳機-粉色,tk3c,254828,MOTOROLA,Headphones,399.0,,OnlineOnly,歷久彌新值得信賴的高品質品牌,https://www.cdn-tkec.tw/image/product/202412/254828_M.jpg?t=20260319101026,{},2026-09-09T08:44:36.051401+00:00
https://www.tk3c.com/product/263585?p=1&kw=耳罩式耳機&ec=Search_goodsPC1,JLab GO Lux ANC耳罩式藍牙耳機(藕荷紫),tk3c,263585,JLab,Headphones,1680.0,,OnlineOnly,開啟降噪舒適聆聽新體驗,https://www.cdn-tkec.tw/image/product/202510/263585_M.jpg?t=20251015131543,{},2026-09-09T08:44:37.398267+00:00
https://www.tk3c.com/product/263586?p=1&kw=耳罩式耳機&ec=Search_goodsPC1,JLab GO Lux ANC耳罩式藍牙耳機(鼠尾草綠),tk3c,263586,JLab,Headphones,1680.0,,OnlineOnly,開啟降噪舒適聆聽新體驗,https://www.cdn-tkec.tw/image/product/202510/263586_M.jpg?t=20251015131543,{},2026-09-09T08:44:38.789060+00:00
https://www.tk3c.com/product/257238?p=1&kw=耳罩式耳機&ec=Search_goodsPC1,KTnet HP3耳罩式耳機麥克風-黑紅,tk3c,257238,KTNET,Headphones,369.0,,InStock,"耳罩全罩式,降低外界環境音干擾、優質單體喇叭,強化低音比重、扁式麵條線設計,易收納不易折毀、調音器置放於耳罩,減低線身重量",https://www.cdn-tkec.tw/image/product/202503/257238_M.jpg?t=20250324193021,{},2026-09-09T08:44:40.157558+00:00
https://www.tk3c.com/product/263032?p=1&kw=耳罩式耳機&ec=Search_goodsPC1,PHILIPS TAH2300長續航耳罩式耳機-黑,tk3c,263032,PHILIPS,Headphones,1580.0,,InStock,藍牙5.4，可同時連接兩台設備、隨時透過語音控制，輕鬆掌握每個指令、最高 55 小時連續播放、平折設計方便收納、搭配柔軟PU皮革耳墊，長時間戴也不悶熱,https://www.cdn-tkec.tw/image/product/202509/263032_M.jpg?t=20250930181532,{},2026-09-09T08:44:41.517814+00:00
https://www.tk3c.com/product/263033?p=1&kw=耳罩式耳機&ec=Search_goodsPC1,PHILIPS TAH2300長續航耳罩式耳機-米白,tk3c,263033,PHILIPS,Headphones,1580.0,,InStock,藍牙5.4，可同時連接兩台設備、隨時透過語音控制，輕鬆掌握每個指令、最高 55 小時連續播放、平折設計方便收納、搭配柔軟PU皮革耳墊，長時間戴也不悶熱,https://www.cdn-tkec.tw/image/product/202509/263033_M.jpg?t=20250930181532,{},2026-09-09T08:44:42.872893+00:00
https://www.tk3c.com/product/243750?p=1&kw=耳罩式耳機&ec=Search_goodsPC1,BOSE 耳罩式藍牙耳機 黑色,tk3c,243750,BOSE,Headphones,9900.0,,OutOfStock,優異的消噪能力、BOSE MUSIC 應用程式進行客製化、高傳真音質、含線控式麥克風的音訊連接線、可調 EQ均衡器、舒適佩戴一整天、藍牙5.1技術、可使用長達 24 小時,https://www.cdn-tkec.tw/image/product/202310/243750_M.jpg?t=20231011144900,{},2026-09-09T08:44:44.269473+00:00
https://www.tk3c.com/product/243751?p=1&kw=耳罩式耳機&ec=Search_goodsPC1,BOSE 耳罩式藍牙耳機 霧白,tk3c,243751,BOSE,Headphones,9900.0,,OutOfStock,優異的消噪能力、BOSE MUSIC 應用程式進行客製化、高傳真音質、含線控式麥克風的音訊連接線、可調EQ均衡器、舒適佩戴一整天、藍牙5.1技術、可使用長達 24 小時,https://www.cdn-tkec.tw/image/product/202310/243751_M.jpg?t=20231011144805,{},2026-09-09T08:44:45.673171+00:00
https://www.tk3c.com/product/232873?p=1&kw=手機保護殼&ec=Search_goodsPC1,讀墨 7.8 吋 mooInk 直掀式保護殼-楓木棕,tk3c,232873,OTHERS,Phone Case,1080.0,,LimitedAvailability,具掀蓋磁感應喚醒功能、可直立置於桌面，隨個人習慣調整角度、環保合成PU皮革，納帕皮紋質感、全方位防護，防輕摔防刮痕,https://www.cdn-tkec.tw/image/product/202209/232873_M.jpg?t=20220906143011,{},2026-09-09T08:44:47.038931+00:00
https://www.tk3c.com/product/204448?p=1&kw=手機保護殼&ec=Search_goodsPC1,SONY A100系列 MP3專用保護殼(黑),tk3c,204448,SONY,Phone Case,490.0,,SoldOut,矽膠保護殼、NW-A100系列MP3專用、不必移除皮套就能透過USB Type-C充電、高質感矽膠保護殼能夠提升握感,https://www.cdn-tkec.tw/image/product/201912/204448_M.jpg?t=20191206143018,{},2026-09-09T08:44:51.094535+00:00
https://www.tk3c.com/product/204452?p=1&kw=手機保護殼&ec=Search_goodsPC1,SONY A100系列 MP3專用保護殼(紅),tk3c,204452,SONY,Phone Case,490.0,,SoldOut,矽膠保護殼、NW-A100系列MP3專用、不必移除皮套就能透過USB Type-C充電、高質感矽膠保護殼能夠提升握感,https://www.cdn-tkec.tw/image/product/201912/204452_M.jpg?t=20191206143020,{},2026-09-09T08:44:52.423169+00:00
https://www.tk3c.com/product/260186?p=1&kw=手機保護殼&ec=Search_goodsPC1,UAG Galaxy Z Fold 7 磁吸保護殼-透黑,tk3c,260186,UAG,Phone Case,2280.0,,InStock,通過美國軍規耐衝擊認証、蜂巢式結構，材質輕量化設計、轉軸保護，自由摺疊、邊角橡膠吸震緩衝設計、吊繩孔位設計，增添實用性、保護殼高於螢幕與相機鏡頭設計、支援無線充電,https://www.cdn-tkec.tw/image/product/202507/260186_M.jpg?t=20250708161517,{},2026-09-09T08:44:53.782587+00:00
https://www.tk3c.com/product/262422?p=1&kw=手機保護殼&ec=Search_goodsPC1,iPhone 17 PM MagSafe矽膠保護殼-午夜,tk3c,262422,Apple,Phone Case,1341.0,,LimitedAvailability,以45%再生矽膠材質製成、保護殼內含磁石，無線充電更快捷、保護殼能和「相機控制」順暢合作,https://www.cdn-tkec.tw/image/product/202509/262422_M.jpg?t=20250924111436,{},2026-09-09T08:44:55.156653+00:00
https://www.tk3c.com/product/262384?p=1&kw=手機保護殼&ec=Search_goodsPC1,iPhone 17 MagSafe透明保護殼,tk3c,262384,Apple,Phone Case,1341.0,,SoldOut,保護殼採用透明聚碳酸酯及彈性材料製成、內外表層均塗有抗刮外膜、磁石對位貼合及卸除、進行無線充電時，無須拆下保護殼、可避免長期使用造成的黃變,https://www.cdn-tkec.tw/image/product/202509/262384_M.jpg?t=20250923164232,{},2026-09-09T08:44:56.516063+00:00
https://www.tk3c.com/product/262388?p=1&kw=手機保護殼&ec=Search_goodsPC1,iPhone 17 MagSafe矽膠保護殼-霧紫色,tk3c,262388,Apple,Phone Case,1490.0,,SoldOut,以45%再生矽膠材質製成、保護殼內含磁石，無線充電更快捷、保護殼能和「相機控制」順暢合作,https://www.cdn-tkec.tw/image/product/202509/262388_M.jpg?t=20250923164812,{},2026-09-09T08:44:57.860835+00:00
https://www.tk3c.com/product/262406?p=1&kw=手機保護殼&ec=Search_goodsPC1,iPhone 17 Pro MagSafe透明保護殼,tk3c,262406,Apple,Phone Case,1341.0,,InStock,保護殼採用透明聚碳酸酯及彈性材料製成、內外表層均塗有抗刮外膜、磁石對位貼合及卸除、進行無線充電時，無須拆下保護殼、可避免長期使用造成的黃變,https://www.cdn-tkec.tw/image/product/202509/262406_M.jpg?t=20250923171613,{},2026-09-09T08:44:59.220277+00:00
https://www.tk3c.com/product/262409?p=1&kw=手機保護殼&ec=Search_goodsPC1,iPhone 17 Pro MagSafe矽膠保護殼-霧紫,tk3c,262409,Apple,Phone Case,1490.0,,SoldOut,以45%再生矽膠材質製成、保護殼內含磁石，無線充電更快捷、保護殼能和「相機控制」順暢合作,https://www.cdn-tkec.tw/image/product/202509/262409_M.jpg?t=20250923172234,{},2026-09-09T08:45:00.582209+00:00
https://www.tk3c.com/product/262418?p=1&kw=手機保護殼&ec=Search_goodsPC1,iPhone 17 Pro Max MagSafe透明保護殼,tk3c,262418,Apple,Phone Case,1341.0,,LimitedAvailability,保護殼採用透明聚碳酸酯及彈性材料製成、內外表層均塗有抗刮外膜、磁石對位貼合及卸除、進行無線充電時，無須拆下保護殼、可避免長期使用造成的黃變,https://www.cdn-tkec.tw/image/product/202509/262418_M.jpg?t=20250923173207,{},2026-09-09T08:45:01.954581+00:00
https://www.tk3c.com/product/262424?p=1&kw=手機保護殼&ec=Search_goodsPC1,iPhone 17 PM MagSafe矽膠保護殼-黑,tk3c,262424,Apple,Phone Case,1341.0,,InStock,以45%再生矽膠材質製成、保護殼內含磁石，無線充電更快捷、保護殼能和「相機控制」順暢合作,https://www.cdn-tkec.tw/image/product/202509/262424_M.jpg?t=20250924111638,{},2026-09-09T08:45:03.313734+00:00
https://www.tk3c.com/product/263145?p=1&kw=手機保護殼&ec=Search_goodsPC1,Nstyle Switch 2 2件式水晶保護殼,tk3c,263145,OTHERS,Phone Case,169.0,,InStock,Switch 2代 主機及手柄 專用保護殼組、孔位精準、容易安裝、全方位保護、有效防止遊戲主機磨損刮傷、分體式設計，自由拆卸手柄,https://www.cdn-tkec.tw/image/product/202510/263145_M.jpg?t=20251001191530,{},2026-09-09T08:45:04.688914+00:00
https://www.tk3c.com/product/204449?p=1&kw=手機保護殼&ec=Search_goodsPC1,SONY A100系列 MP3專用保護殼(橘),tk3c,204449,SONY,Phone Case,490.0,,SoldOut,矽膠保護殼、NW-A100系列MP3專用、不必移除皮套就能透過USB Type-C充電、高質感矽膠保護殼能夠提升握感,https://www.cdn-tkec.tw/image/product/201912/204449_M.jpg?t=20191206143019,{},2026-09-09T08:45:06.050215+00:00
https://www.tk3c.com/product/204450?p=1&kw=手機保護殼&ec=Search_goodsPC1,SONY A100系列 MP3專用保護殼(綠),tk3c,204450,SONY,Phone Case,490.0,,SoldOut,矽膠保護殼、NW-A100系列MP3專用、不必移除皮套就能透過USB Type-C充電、高質感矽膠保護殼能夠提升握感,https://www.cdn-tkec.tw/image/product/201912/204450_M.jpg?t=20191206143019,{},2026-09-09T08:45:07.408723+00:00
https://www.tk3c.com/product/204451?p=1&kw=手機保護殼&ec=Search_goodsPC1,SONY A100系列 MP3專用保護殼(藍),tk3c,204451,SONY,Phone Case,490.0,,SoldOut,矽膠保護殼、NW-A100系列MP3專用、不必移除皮套就能透過USB Type-C充電、高質感矽膠保護殼能夠提升握感,https://www.cdn-tkec.tw/image/product/201912/204451_M.jpg?t=20191206143019,{},2026-09-09T08:45:08.751359+00:00
https://www.tk3c.com/product/262427?p=1&kw=手機保護殼&ec=Search_goodsPC1,iPhone 17 PM MagSafe科技織紋保護殼-紫,tk3c,262427,Apple,Phone Case,1890.0,,SoldOut,以100%再生聚酯纖維織成的特製科技織紋布料、附有兩個連接點，可以穩固地掛上斜背掛繩、側邊加上細微紋理的TPU塗層，更好抓握,https://www.cdn-tkec.tw/image/product/202509/262427_M.jpg?t=20250924111937,{},2026-09-09T08:45:10.108863+00:00
https://www.tk3c.com/product/263143?p=1&kw=手機保護殼&ec=Search_goodsPC1,Nstyle Switch 2 PC手柄保護殼,tk3c,263143,OTHERS,Phone Case,79.0,,InStock,Switch 2代 手柄專用保護殼、孔位精準、容易安裝、有效防止手柄磨損刮傷,https://www.cdn-tkec.tw/image/product/202510/263143_M.jpg?t=20251001191529,{},2026-09-09T08:45:11.486749+00:00
https://www.tk3c.com/product/263144?p=1&kw=手機保護殼&ec=Search_goodsPC1,Nstyle Switch 2 TPU透明保護殼,tk3c,263144,OTHERS,Phone Case,79.0,,InStock,Switch 2代 手柄專用保護殼、孔位精準、容易安裝、有效防止手柄磨損刮傷,https://www.cdn-tkec.tw/image/product/202510/263144_M.jpg?t=20251001191529,{},2026-09-09T08:45:12.829416+00:00
https://www.tk3c.com/product/250900?p=1&kw=智慧手錶&ec=Search_goodsPC1,myFirst Fone R1c 4G 智慧兒童手錶,tk3c,250900,OTHERS,Smart Watch,3299.0,,OnlineOnly,專為兒童學習及安全設計4G智慧手錶,https://www.cdn-tkec.tw/image/product/202408/250900_M.jpg?t=20241213150534,{},2026-09-09T08:45:14.188747+00:00
https://www.tk3c.com/product/258911?p=1&kw=智慧手錶&ec=Search_goodsPC1,Amazfit Bip 6 智慧手錶-粉,tk3c,258911,Amazfit,Smart Watch,2499.0,,LimitedAvailability,24HR健康偵測、5ATM防水、14天超長續航力、藍芽通話、2年保固、1.97吋AMOLED螢幕、支援軌跡導航及轉向提醒、400款免費錶盤,https://www.cdn-tkec.tw/image/product/202505/258911_M.jpg?t=20250523101508,{},2026-09-09T08:45:15.616119+00:00
https://www.tk3c.com/product/260274?p=1&kw=智慧手錶&ec=Search_goodsPC1,Amazfit Balance 2 運動智慧手錶-黑,tk3c,260274,Amazfit,Smart Watch,7649.0,,InStock,"一次充電21天日常使用、離線地貌圖,等高線圖,滑雪場圖、支持步頻,垂直振幅,觸地時間",https://www.cdn-tkec.tw/image/product/202507/260274_M.jpg?t=20250711121527,{},2026-09-09T08:45:16.954444+00:00
https://www.tk3c.com/product/252750?p=1&kw=智慧手錶&ec=Search_goodsPC1,E-books V22 鋅合金全觸控多功能智慧手錶,tk3c,252750,E-books,Smart Watch,1580.0,,InStock,IP67防水等級、全觸控功能、藍牙晶片，支援無線資料同步、清晰明亮的全視角超高Amoled螢幕、350mAh電池超長待機、APP即時同步資訊(連接手機使用)、音樂、拍照、天氣、鬧鐘、睡眠偵測等功能,https://www.cdn-tkec.tw/image/product/202409/252750_M.jpg?t=20240924173009,{},2026-09-09T08:45:18.313514+00:00
https://www.tk3c.com/product/260047?p=1&kw=智慧手錶&ec=Search_goodsPC1,Samsung Galaxy Watch8 Classic 46mm 曜石黑 智慧手錶,tk3c,260047,SAMSUNG,Smart Watch,13592.0,,InStock,手腕上的Gemmini、私人跑步教練、全新設計,https://www.cdn-tkec.tw/image/product/202507/260047_M.jpg?t=20250708181140,{},2026-09-09T08:45:19.703659+00:00
https://www.tk3c.com/product/261566?p=1&kw=智慧手錶&ec=Search_goodsPC1,Amazfit T-Rex 3 Pro 智慧手錶-極境黑,tk3c,261566,Amazfit,Smart Watch,10999.0,,InStock,DC 5V 800mA MAX、機身-TC4鈦合金中框+塑膠底殼、錶帶-矽膠、螢幕-48mm 3000尼特,https://www.cdn-tkec.tw/image/product/202508/261566_M.jpg?t=20250827111532,{},2026-09-09T08:45:23.759800+00:00
https://www.tk3c.com/product/261567?p=1&kw=智慧手錶&ec=Search_goodsPC1,Amazfit T-Rex 3 Pro 智慧手錶-荒野金,tk3c,261567,Amazfit,Smart Watch,10999.0,,InStock,DC 5V 800mA MAX、機身-TC4鈦合金中框+塑膠底殼、錶帶-矽膠、螢幕-48mm 3000尼特,https://www.cdn-tkec.tw/image/product/202508/261567_M.jpg?t=20250827111532,{},2026-09-09T08:45:25.142917+00:00
https://www.tk3c.com/product/269729?p=1&kw=智慧手錶&ec=Search_goodsPC1,Nothing CMF Watch 3 Pro 智慧手錶-黑,tk3c,269729,Nothing,Smart Watch,3290.0,,InStock,長達 13 天的電池續航力、搭載降造的藍芽通話、1.43 吋 AMOLED 螢幕、內建雙頻 GPS,https://www.cdn-tkec.tw/image/product/202605/269729_M.jpg?t=20260519181516,{},2026-09-09T08:45:27.842823+00:00
https://www.tk3c.com/product/269730?p=1&kw=智慧手錶&ec=Search_goodsPC1,Nothing CMF Watch 3 Pro 智慧手錶-銀,tk3c,269730,Nothing,Smart Watch,3290.0,,InStock,長達 13 天的電池續航力、搭載降造的藍芽通話、1.43 吋 AMOLED 螢幕、內建雙頻 GPS,https://www.cdn-tkec.tw/image/product/202605/269730_M.jpg?t=20260519181516,{},2026-09-09T08:45:29.242796+00:00
https://www.tk3c.com/product/269732?p=1&kw=智慧手錶&ec=Search_goodsPC1,Nothing CMF Watch 3 Pro 智慧手錶-綠,tk3c,269732,Nothing,Smart Watch,3290.0,,InStock,長達 13 天的電池續航力、搭載降造的藍芽通話、1.43 吋 AMOLED 螢幕、內建雙頻 GPS,https://www.cdn-tkec.tw/image/product/202605/269732_M.jpg?t=20260519181516,{},2026-09-09T08:45:30.642727+00:00
https://www.tk3c.com/product/230452?p=1&kw=智慧手錶&ec=Search_goodsPC1,myFirst Fone R1s 4G智慧兒童手錶,tk3c,230452,OTHERS,Smart Watch,5999.0,,SoldOut,免費Sim卡｜贈送1個月Data Sim卡，網路無限使用、免費通話｜贈送Sim卡期間，可免費與家長視訊通話、心率偵測｜監測孩子心跳數，如有異常，發出通知、運動目標｜可設每日運動目標，達標可得獎勵徽章、頂級防水｜IP68防塵防水，不必擔心水花潑濺、動畫桌布｜可將內建的桌布或自己的照片設為封面、即時通話｜雙向語音和視頻通話隨時聯繫、精確定位｜即時掌握孩子所在位置及動向、移動網路｜借助 4G LTE，體驗更流暢的性能、1500首歌｜配備 MP3 播放器和內置揚聲器、鬧鐘設定｜可添加語音訊息養成孩子自律習慣、一鍵求救｜開啟SOS通知有30秒的周圍錄音、防撞邊框｜加高邊框防止在撞擊下屏幕破裂、快拆錶帶｜快拆錶帶設計，輕鬆更換錶帶用、透氣背帶｜超舒適柔軟觸感矽膠，強效透氣、高清相機｜2 百萬像素相機，釋放瘋狂創造力、課堂模式｜可指定日期或時間靜音，專注學習、完美兼容｜與 iOS 和 Android 移動設備兼容、操作簡單｜採用觸控螢幕，小孩操作簡單易懂、安全區域｜讓孩子與您保持在200m內安全範圍、■ 購買前請詳讀【Sim卡開通及退貨注意事項】(詳備註),https://www.cdn-tkec.tw/image/product/202207/230452_M.jpg?t=20240809131839,{},2026-09-09T08:45:32.109583+00:00
https://www.tk3c.com/product/230453?p=1&kw=智慧手錶&ec=Search_goodsPC1,myFirst Fone R1s 4G智慧兒童手錶,tk3c,230453,OTHERS,Smart Watch,5999.0,,SoldOut,免費Sim卡｜贈送1個月Data Sim卡，網路無限使用、免費通話｜贈送Sim卡期間，可免費與家長視訊通話、心率偵測｜監測孩子心跳數，如有異常，發出通知、運動目標｜可設每日運動目標，達標可得獎勵徽章、頂級防水｜IP68防塵防水，不必擔心水花潑濺、動畫桌布｜可將內建的桌布或自己的照片設為封面、即時通話｜雙向語音和視頻通話隨時聯繫、精確定位｜即時掌握孩子所在位置及動向、移動網路｜借助 4G LTE，體驗更流暢的性能、1500首歌｜配備 MP3 播放器和內置揚聲器、鬧鐘設定｜可添加語音訊息養成孩子自律習慣、一鍵求救｜開啟SOS通知有30秒的周圍錄音、防撞邊框｜加高邊框防止在撞擊下屏幕破裂、快拆錶帶｜快拆錶帶設計，輕鬆更換錶帶用、透氣背帶｜超舒適柔軟觸感矽膠，強效透氣、高清相機｜2 百萬像素相機，釋放瘋狂創造力、課堂模式｜可指定日期或時間靜音，專注學習、完美兼容｜與 iOS 和 Android 移動設備兼容、操作簡單｜採用觸控螢幕，小孩操作簡單易懂、安全區域｜讓孩子與您保持在200m內安全範圍、■ 購買前請詳讀【Sim卡開通及退貨注意事項】(詳備註),https://www.cdn-tkec.tw/image/product/202207/230453_M.jpg?t=20240809131842,{},2026-09-09T08:45:33.509204+00:00
https://www.tk3c.com/product/270402?p=1&kw=智慧手錶&ec=Search_goodsPC1,Amazfit Bip Max 智慧手錶-深藍色,tk3c,270402,Amazfit,Smart Watch,2999.0,,InStock,最長20天電池續航、3000 nits峰值亮度、5ATM防水、內建訓練資料庫、2.07吋AMOLED螢幕、BioCharge 身體電量分析、4GB 儲存空間,https://www.cdn-tkec.tw/image/product/202606/270402_M.jpg?t=20260612191526,{},2026-09-09T08:45:35.109354+00:00
https://www.tk3c.com/product/260040?p=1&kw=智慧手錶&ec=Search_goodsPC1,Samsung Galaxy Watch8 40mm 冰川銀 智慧手錶,tk3c,260040,SAMSUNG,Smart Watch,7990.0,,InStock,手腕上的Gemmini、私人跑步教練、全新設計,https://www.cdn-tkec.tw/image/product/202507/260040_M.jpg?t=20250708180833,{},2026-09-09T08:45:36.476196+00:00
https://www.tk3c.com/product/182135?p=1&kw=智慧手錶&ec=Search_goodsPC1,【藍寶石】EPSON U-350B GPS全能鐵人教練智慧手錶,tk3c,182135,EPSON,Smart Watch,14990.0,,SoldOut,GPS+心率偵測 - 46HR 超馬級續航力、陸上/水下心率偵測免用心跳帶、七大運動模式 (含三鐵模式)、高度/斜度偵測、24小時全天候活動量計測、五段運動強度提醒、獨家雙心率感測器、每秒GPS測位,https://www.cdn-tkec.tw/image/product/201711/182135_M.jpg?t=20171130190024,{},2026-09-09T08:45:37.826209+00:00
https://www.tk3c.com/product/270018?p=1&kw=智慧手錶&ec=Search_goodsPC1,Amazfit Bip Max 智慧手錶-銀色,tk3c,270018,Amazfit,Smart Watch,2999.0,,InStock,最長20天電池續航、3000 nits峰值亮度、5ATM防水、內建訓練資料庫、2.07吋AMOLED螢幕、BioCharge 身體電量分析、4GB 儲存空間,https://www.cdn-tkec.tw/image/product/202605/270018_M.jpg?t=20260529121523,{},2026-09-09T08:45:39.176153+00:00
https://www.tk3c.com/product/246239?p=1&kw=智慧手環&ec=Search_goodsPC1,SAMSUNG Galaxy Fit3 曜石灰 智慧手環,tk3c,246239,SAMSUNG,Fitness Band,1790.0,,InStock,鋁合金設計輕巧尺寸、健康數據監測、13天超強續航、跌倒偵測功能、即時運動紀錄、1.6吋大螢幕,https://www.cdn-tkec.tw/image/product/202402/246239_M.jpg?t=20240619141015,{},2026-09-09T08:45:41.009473+00:00
https://www.tk3c.com/product/246240?p=1&kw=智慧手環&ec=Search_goodsPC1,SAMSUNG Galaxy Fit3 雲霧粉 智慧手環,tk3c,246240,SAMSUNG,Fitness Band,1790.0,,InStock,睡眠追蹤及超過100種運動追蹤,https://www.cdn-tkec.tw/image/product/202402/246240_M.jpg?t=20240220174548,{},2026-09-09T08:45:42.359368+00:00
https://www.tk3c.com/product/246241?p=1&kw=智慧手環&ec=Search_goodsPC1,SAMSUNG Galaxy Fit3 辰曜銀 智慧手環,tk3c,246241,SAMSUNG,Fitness Band,1790.0,,InStock,睡眠追蹤及超過100種運動追蹤,https://www.cdn-tkec.tw/image/product/202402/246241_M.jpg?t=20240220174618,{},2026-09-09T08:45:43.942883+00:00
https://www.tk3c.com/product/254036?p=1&kw=智慧手環&ec=Search_goodsPC1,Xiaomi 手環 9 Active 黑色,tk3c,254036,小米,Fitness Band,649.0,,InStock,1.47吋AMOLED螢幕實現流暢、升級的全方位睡眠與健康監測功能、18天電池續航力、全天監測心率血氧、5ATM防水,https://www.cdn-tkec.tw/image/product/202411/254036_M.jpg?t=20241112163018,{},2026-09-09T08:45:45.292752+00:00
https://www.tk3c.com/product/254038?p=1&kw=智慧手環&ec=Search_goodsPC1,Xiaomi 手環 9 Active 粉色,tk3c,254038,小米,Fitness Band,649.0,,InStock,1.47吋AMOLED螢幕實現流暢、升級的全方位睡眠與健康監測功能、18天電池續航力、全天監測心率血氧、5ATM防水,https://www.cdn-tkec.tw/image/product/202411/254038_M.jpg?t=20241112163018,{},2026-09-09T08:45:46.792924+00:00
https://www.tk3c.com/product/254035?p=1&kw=智慧手環&ec=Search_goodsPC1,Xiaomi 手環 9 Pro 月光銀,tk3c,254035,小米,Fitness Band,1899.0,,InStock,1.74吋AMOLED超窄四等邊螢幕、2.5D外蓋玻璃、21天電池續航力、超過150種運動模式、獨立GNSS五衛星定位能力,https://www.cdn-tkec.tw/image/product/202411/254035_M.jpg?t=20241115160328,{},2026-09-09T08:45:48.158905+00:00
https://www.tk3c.com/product/254033?p=1&kw=智慧手環&ec=Search_goodsPC1,Xiaomi 手環 9 Pro 曜石黑,tk3c,254033,小米,Fitness Band,1899.0,,InStock,1.74吋AMOLED超窄四等邊螢幕、2.5D外蓋玻璃、21天電池續航力、超過150種運動模式、獨立GNSS五衛星定位能力,https://www.cdn-tkec.tw/image/product/202411/254033_M.jpg?t=20241115160046,{},2026-09-09T08:45:55.290282+00:00
https://www.tk3c.com/product/255401?p=1&kw=檯燈&ec=Search_goodsPC1,BenQ Genie螢幕閱讀檯燈-暮浴金,tk3c,255401,BenQ,Desk Lamp,4990.0,,SoldOut,會微笑的智慧檯燈、一觸即享超廣照明、不只有型，還很聰明！、螢幕閱讀模式、書本閱讀模式、色溫亮度，隨心所欲、輕鬆彎折，伸屈自如,https://www.cdn-tkec.tw/image/product/202501/255401_M.jpg?t=20250114193011,{},2026-09-09T08:45:56.906897+00:00
https://www.tk3c.com/product/255402?p=1&kw=檯燈&ec=Search_goodsPC1,BenQ Genie螢幕閱讀檯燈-落日粉,tk3c,255402,BenQ,Desk Lamp,4990.0,,LimitedAvailability,會微笑的智慧檯燈、一觸即享超廣照明、不只有型，還很聰明！、螢幕閱讀模式、書本閱讀模式、色溫亮度，隨心所欲、輕鬆彎折，伸屈自如,https://www.cdn-tkec.tw/image/product/202501/255402_M.jpg?t=20250114193011,{},2026-09-09T08:45:58.251644+00:00
https://www.tk3c.com/product/225520?p=1&kw=檯燈&ec=Search_goodsPC1,MAGIC MA328大視界LED護眼檯燈,tk3c,225520,MAGIC,Desk Lamp,2580.0,,InStock,獨家自然光LED技術，色彩真實、字體清晰、照射面積是一般檯燈的二倍大，真正大視界、4種光源情境(工作、閱讀、螢幕、休閱)、在5000K白光到3000k黃光之間自由調整、無段式亮度調整，可達一般檯燈的二倍亮、隨心所欲調整亮度，舒解眼睛壓力、整合式USB充電座，可隨時充電、兩年保固,https://www.cdn-tkec.tw/image/product/202202/225520_M.jpg?t=20260818160029,{},2026-09-09T08:45:59.608946+00:00
https://www.tk3c.com/product/248224?p=1&kw=檯燈&ec=Search_goodsPC1,IRIS Qi無線充電盤檯燈 白色,tk3c,248224,日本IRIS,Desk Lamp,1299.0,,OnlineOnly,雙軸心燈臂設計，可自由調整高度、角度、Qi無線充電盤，一邊使用檯燈一邊無線充電、4段亮度選擇，滿足各種閱讀需求,https://www.cdn-tkec.tw/image/product/202404/248224_M.jpg?t=20240425153006,{},2026-09-09T08:46:00.971530+00:00
https://www.tk3c.com/product/248225?p=1&kw=檯燈&ec=Search_goodsPC1,IRIS Qi無線充電盤檯燈 黑色,tk3c,248225,日本IRIS,Desk Lamp,1299.0,,OnlineOnly,雙軸心燈臂設計，可自由調整高度、角度、Qi無線充電盤，一邊使用檯燈一邊無線充電、4段亮度選擇，滿足各種閱讀需求,https://www.cdn-tkec.tw/image/product/202404/248225_M.jpg?t=20240425153006,{},2026-09-09T08:46:02.355616+00:00
https://www.tk3c.com/product/152347?p=1&kw=檯燈&ec=Search_goodsPC1,奇美CHIMEI LED護眼時尚檯燈NU KELVIN,tk3c,152347,CHIMEI,Desk Lamp,2288.0,,InStock,"顏色:天使白、照度:>=2500lux(閱讀模式,距離照射面30cm)、輸入電壓:110V/AC,60Hz、總功率消耗:(非充電僅電燈狀態) 10W、色溫:暖黃光/暖白光/自然光/白晝光",https://www.cdn-tkec.tw/image/product/201501/152347_M.jpg?t=20240611092917,{},2026-09-09T08:46:03.719086+00:00
https://www.tk3c.com/product/239305?p=1&kw=檯燈&ec=Search_goodsPC1,國際牌 Panasonic M系列觸控式四軸旋轉LED檯燈,tk3c,239305,Panasonic,Desk Lamp,2390.0,,InStock,多角度四軸旋轉、觸控式調光調色、四種場景自由切換、光線足夠又柔和、時尚又高質感設計、大人小孩都適用、USB充電孔,https://www.cdn-tkec.tw/image/product/202305/239305_M.jpg?t=20260421133127,{},2026-09-09T08:46:05.207949+00:00
https://www.tk3c.com/product/260360?p=1&kw=檯燈&ec=Search_goodsPC1,CHIMEI無線快充LED閱讀檯燈-白,tk3c,260360,CHIMEI,Desk Lamp,1388.0,,InStock,3色色溫/無段調光模式調光功能、燈臂採雙軸設計/可任意調整角度、燈罩可旋轉280度/燈臂也可旋轉125度、獨特光學反射機構設計/除眩光不疊影、採用獨家柔光濾光片設計/光線柔和不疊影、燈罩離桌面30CM垂直罩度可達2000LUX、採用無線快充模組/充電更便捷(10W快充),https://www.cdn-tkec.tw/image/product/202507/260360_M.jpg?t=20250716161516,{},2026-09-09T08:46:06.563708+00:00
https://www.tk3c.com/product/247063?p=1&kw=檯燈&ec=Search_goodsPC1,MAGIC大視界護眼LED檯燈,tk3c,247063,MAGIC,Desk Lamp,2580.0,,InStock,獨家自然光LED技術，色彩真實、字體清晰、照射面積是一般檯燈的二倍大，真正大視界、4種光源情境(工作、閱讀、螢幕、休閱)、在5000K白光到3000k黃光之間自由調整、無段式亮度調整，可達一般檯燈的二倍亮、隨心所欲調整亮度，舒解眼睛壓力,https://www.cdn-tkec.tw/image/product/202403/247063_M.jpg?t=20240503173247,{},2026-09-09T08:46:07.922285+00:00
https://www.tk3c.com/product/190057?p=1&kw=檯燈&ec=Search_goodsPC1,太星電工 好視力LED護眼學生檯燈-梨花白,tk3c,190057,太星,Desk Lamp,699.0,,InStock,簡約設計弧形曲線，簡約優雅、單鍵開關操作簡單，使用便利、護眼設計圓弧造型，讓光線更集中、軟管設計隨意調整適合的角度、本產品已投保新台幣三仟萬產品責任險,https://www.cdn-tkec.tw/image/product/201808/190057_M.jpg?t=20180827112836,{},2026-09-09T08:46:09.290152+00:00
https://www.tk3c.com/product/206451?p=1&kw=檯燈&ec=Search_goodsPC1,Dyson Lightcycle Morph 檯燈 黑鋼色,tk3c,206451,dyson,Desk Lamp,17888.0,,OnlineOnly,獨家專利散熱技術、4合1多用途燈具、熱管科技提供穩定照明品質長達60年、日光追蹤科技、紅外線動作感應,https://www.cdn-tkec.tw/image/product/202003/206451_M.jpg?t=20231020105851,{},2026-09-09T08:46:10.641800+00:00
https://www.tk3c.com/product/206452?p=1&kw=檯燈&ec=Search_goodsPC1,Dyson Lightcycle Morph 檯燈 白銀色,tk3c,206452,dyson,Desk Lamp,17888.0,,PreOrder,獨家專利散熱技術、4合1多用途燈具、熱管科技提供穩定照明品質長達60年、日光追蹤科技、紅外線動作感應,https://www.cdn-tkec.tw/image/product/202003/206452_M.jpg?t=20231020105658,{},2026-09-09T08:46:12.008959+00:00
https://www.tk3c.com/product/240595?p=1&kw=檯燈&ec=Search_goodsPC1,飛利浦PHILIPS品昊護眼LED檯燈(PD049),tk3c,240595,PHILIPS,Desk Lamp,1999.0,,InStock,燈頭180度調整，雙向出光、360度補足環境亮度、三段色溫，無級調光，隨心調整亮度、30秒延遲關燈、上下通透出光,https://www.cdn-tkec.tw/image/product/202306/240595_M.jpg?t=20260421133057,{},2026-09-09T08:46:14.755484+00:00
https://www.tk3c.com/product/202564?p=1&kw=檯燈&ec=Search_goodsPC1,米家檯燈 Pro,tk3c,202564,小米,Desk Lamp,1849.0,,InStock,1.2㎡ 有效照明區，覆蓋全桌、靈活調整角度，有效防眩光、超越米家 LED 智慧檯燈、支援兩種語音控制-小愛同學和 Siri、無可視重影無頻閃無藍光危害專業檯燈、詳細規格說明以官網為主,https://www.cdn-tkec.tw/image/product/201909/202564_M.jpg?t=20200408112126,{},2026-09-09T08:46:16.149652+00:00
https://www.tk3c.com/product/204406?p=1&kw=檯燈&ec=Search_goodsPC1,奇美CHIMEI LED QI無線充電護眼檯燈,tk3c,204406,CHIMEI,Desk Lamp,1799.0,,InStock,QI無線充電&USB充電 2 in 1、日本最高AA級照度；濾光片設計，無眩光、觸控控制、LED燈號顯示，方便使用、四色調色溫模式：學習、閱讀、電腦、睡前、設計感外型、消光白有特色、LED光源無紫外線，無藍光危害、DC直流電壓光線不閃爍，有效降低近視可能性、商品製料不含鉛、汞等有害環境物質,https://www.cdn-tkec.tw/image/product/201912/204406_M.jpg?t=20260421132512,{},2026-09-09T08:46:17.500975+00:00
https://www.tk3c.com/product/246935?p=1&kw=檯燈&ec=Search_goodsPC1,KINYO二合一護眼檯燈48cm,tk3c,246935,KINYO,Desk Lamp,1980.0,,InStock,"48cm照射範圍，96顆LED燈珠、3000K/4000K/5000K/6500K四檔色溫、高顯指>95Ra,近全光譜光效,逼真還原色彩、萬用桌夾,夾具距離1.5-7.5cm,夾桌邊層板等、RG0低藍光危害，減少藍光對眼睛的負擔、護眼防眩光,不對稱光學設計,特殊發光45度，、僅照亮桌面工作區，確保螢幕上無反射眩、2HR定時自動關機功能，手動開啟",https://www.cdn-tkec.tw/image/product/202403/246935_M.jpg?t=20240314173013,{},2026-09-09T08:46:18.889746+00:00
https://www.tk3c.com/product/259243?p=1&kw=檯燈&ec=Search_goodsPC1,舞光Eye Health全光譜護眼檯燈 時尚白,tk3c,259243,舞光,Desk Lamp,2899.0,,InStock,日本最高JIS AA級照度、全光譜RA95護眼不疲勞、獨特防眩光學設計、智慧定時關機、可拆式燈罩/彈性場景隨心用、桌夾兩用/輕鬆隨處應用、三軸設計/照射角度多元、智慧自動調光+入座感應,https://www.cdn-tkec.tw/image/product/202506/259243_M.jpg?t=20260421133851,{},2026-09-09T08:46:20.242482+00:00
https://www.tk3c.com/product/240701?p=1&kw=檯燈&ec=Search_goodsPC1,飛利浦PHILIPS品祺讀寫LED檯燈(PD059),tk3c,240701,PHILIPS,Desk Lamp,2199.0,,InStock,智能功率分配雙充電、無級調亮度、四段色溫(3000-4000-5000K -5700K)、光效記憶模式、微棱鏡陣列出光面，均勻明亮舒適的光效、有效柔化高亮點，降低有害眩光、雙轉軸燈臂，支援前出延展照明、10W無線快充,https://www.cdn-tkec.tw/image/product/202306/240701_M.jpg?t=20240816173455,{},2026-09-09T08:46:21.602885+00:00
https://www.tk3c.com/product/264782?p=1&kw=筆記本&ec=Search_goodsPC1,iFLYTEK AINOTE Air2 AI智能會議筆記本,tk3c,264782,快譯通,Notebook,16990.0,,InStock,AI筆記神器，解鎖筆記的終極型態、ChatGPT智慧摘要，筆記效率提升、錄音x文字x手寫無縫同步、語音轉文字功能，支援15種語言、10種語言即時互譯，即翻即用,https://www.cdn-tkec.tw/image/product/202512/264782_M.jpg?t=20251202181531,{},2026-09-09T08:46:28.437986+00:00
https://www.tk3c.com/product/267673?p=1&kw=筆記本&ec=Search_goodsPC1,iFLYTEK AINOTE 2 AI智能會議筆記本,tk3c,267673,快譯通,Notebook,23990.0,,InStock,AI筆記神器，解鎖筆記的終極型態、ChatGPT智慧摘要，筆記效率提升、錄音x文字x手寫無縫同步、語音轉文字功能，支援16種語言、11種語言即時互譯，即翻即用、中英日韓離線會議紀錄、快速導出會議紀錄及摘要、4顆陣列式麥克風，可辦視台灣口音,https://www.cdn-tkec.tw/image/product/202603/267673_M.jpg?t=20260313131339,{},2026-09-09T08:46:29.802497+00:00
https://www.tk3c.com/product/272101?p=1&kw=筆記本&ec=Search_goodsPC1,iFLYTEK 科大訊飛 AI智能鍵盤,tk3c,272101,OTHERS,Mechanical Keyboard,2999.0,,OnlineOnly,一按開啟 AI 辦公力、支援語音輸入，長內容不用慢慢打、AI寫作/潤稿，回信、撰文更省時、智慧截圖，圖片文字、表格內容快速擷取、翻譯、AI閱讀、即時字幕顯示、文件整理、音訊轉文字、長文摘要 有效率、通過 NCC 和 BSMI 認證，購買使用更安心,https://www.cdn-tkec.tw/image/product/202608/272101_M.jpg?t=20260826140420,{},2026-09-09T08:46:40.220597+00:00
https://www.tk3c.com/product/262826?p=1&kw=後背包&ec=Search_goodsPC1,國家地理NGS 極致專業後背包(L)-卡其綠,tk3c,262826,OTHERS,Backpack,2280.0,,OnlineOnly,簡單不失專業的設計感、背帶採蜂巢式減壓設計、多處分層收納物品、滿足探險者和攝影師外出需求、適裝窄邊框14-16吋平板/筆電、筆電拉鍊採用防盜設計 可上鎖,https://www.cdn-tkec.tw/image/product/202509/262826_M.jpg?t=20250922201526,{},2026-09-09T08:46:51.188012+00:00
https://www.tk3c.com/product/160844?p=1&kw=後背包&ec=Search_goodsPC1,Manfrotto Street Backpack 街頭後背包,tk3c,160844,Manfrotto,Backpack,4600.0,,SoldOut,加墊式背板和可調節肩帶,https://www.cdn-tkec.tw/image/product/201510/160844_M.jpg?t=20151021180118,{},2026-09-09T08:46:52.547299+00:00
https://www.tk3c.com/product/184124?p=1&kw=後背包&ec=Search_goodsPC1,Manfrotto 開拓者微單眼後背包 夜空藍,tk3c,184124,Manfrotto,Backpack,2560.0,,SoldOut,適微單1機2-3鏡+ 9.7吋平板、適大疆Mavic空拍機套裝、內部搭配可拆卸相機內膽、背開式設計提升了防盜性能、頂部空間用於收納個人物品、自拍棒/單腳或三腳架外掛系統,https://www.cdn-tkec.tw/image/product/201802/184124_M.jpg?t=20180206150006,{},2026-09-09T08:46:53.891196+00:00
https://www.tk3c.com/product/208729?p=1&kw=後背包&ec=Search_goodsPC1,Hitori 空拍機雙肩硬殼後背包,tk3c,208729,OTHERS,Backpack,1350.0,,OnlineOnly,外觀時尚，舒適握把，透氣背帶、雙向拉鍊，可調節式扣環設計等、ABS材質，EVA內膽具防震減壓、精心設計專為空拍機收納帶出門、採用三角形定律加固，不易斷裂,https://www.cdn-tkec.tw/image/product/202006/208729_M.jpg?t=20200609190011,{},2026-09-09T08:46:55.245485+00:00
https://www.tk3c.com/product/229871?p=1&kw=後背包&ec=Search_goodsPC1,Gooutside 日系學院風後背包(公司貨),tk3c,229871,OTHERS,Backpack,790.0,,OnlineOnly,防潑水覆膜牛津布、1主袋+2前袋+2側袋、超大容量可放平板、背袋可隨意調節,https://www.cdn-tkec.tw/image/product/202206/229871_M.jpg?t=20220624143037,{},2026-09-09T08:46:56.594211+00:00
https://www.tk3c.com/product/229874?p=1&kw=後背包&ec=Search_goodsPC1,Gooutside 日系學院風後背包(公司貨),tk3c,229874,OTHERS,Backpack,790.0,,OnlineOnly,防潑水覆膜牛津布、1主袋+2前袋+2側袋、超大容量可放平板、背袋可隨意調節,https://www.cdn-tkec.tw/image/product/202206/229874_M.jpg?t=20220624143038,{},2026-09-09T08:46:57.938098+00:00
https://www.tk3c.com/product/229881?p=1&kw=後背包&ec=Search_goodsPC1,Gooutside 經典學院風後背包 (公司貨),tk3c,229881,OTHERS,Backpack,670.0,,OnlineOnly,雙向拉鍊，順滑好拉、舒適提把，好拿好提、大容量，輕鬆裝下各種物品、經典學院風貼牌設計,https://www.cdn-tkec.tw/image/product/202206/229881_M.jpg?t=20220624143041,{},2026-09-09T08:46:59.297391+00:00
https://www.tk3c.com/product/229904?p=1&kw=後背包&ec=Search_goodsPC1,MaGari 韓版學院風後背包(公司貨),tk3c,229904,OTHERS,Backpack,699.0,,OnlineOnly,防潑水面料材質、側邊加強固定扣具、隱藏式背部拉鍊暗袋、肩帶依照個人習慣調節,https://www.cdn-tkec.tw/image/product/202206/229904_M.jpg?t=20220624143048,{},2026-09-09T08:47:00.646603+00:00
https://www.tk3c.com/product/229911?p=1&kw=後背包&ec=Search_goodsPC1,Gooutside 經典學院風後背包 (公司貨) 4010,tk3c,229911,OTHERS,Backpack,670.0,,OnlineOnly,雙向拉鍊，順滑好拉、舒適提把，好拿好提、大容量，輕鬆裝下各種物品、經典學院風貼牌設計,https://www.cdn-tkec.tw/image/product/202206/229911_M.jpg?t=20220624143052,{},2026-09-09T08:47:02.000555+00:00
https://www.tk3c.com/product/229914?p=1&kw=後背包&ec=Search_goodsPC1,Gooutside 經典學院風後背包 (公司貨) 4010,tk3c,229914,OTHERS,Backpack,670.0,,OnlineOnly,雙向拉鍊，順滑好拉、舒適提把，好拿好提、大容量，輕鬆裝下各種物品、經典學院風貼牌設計,https://www.cdn-tkec.tw/image/product/202206/229914_M.jpg?t=20220624143053,{},2026-09-09T08:47:03.375664+00:00
https://www.tk3c.com/product/221931?p=1&kw=後背包&ec=Search_goodsPC1,國家地理NGS 極致專業後背包(M),tk3c,221931,OTHERS,Backpack,1380.0,,SoldOut,簡單不失專業的設計感、背帶採蜂巢式減壓設計、多處分層收納物品、滿足探險者和攝影師外出需求、適裝13-15吋平板/筆電、拉鍊採用防盜設計 可上鎖,https://www.cdn-tkec.tw/image/product/202110/221931_M.jpg?t=20211013143151,{},2026-09-09T08:47:04.720511+00:00
https://www.tk3c.com/product/221932?p=1&kw=後背包&ec=Search_goodsPC1,國家地理NGS 極致專業後背包(L)-黑色,tk3c,221932,OTHERS,Backpack,2280.0,,OnlineOnly,簡單不失專業的設計感、背帶採蜂巢式減壓設計、多處分層收納物品、滿足探險者和攝影師外出需求、適裝窄邊框14-16吋平板/筆電、筆電拉鍊採用防盜設計 可上鎖,https://www.cdn-tkec.tw/image/product/202110/221932_M.jpg?t=20250729141935,{},2026-09-09T08:47:06.094270+00:00
https://www.tk3c.com/product/226639?p=1&kw=後背包&ec=Search_goodsPC1,國家地理NGS 極致專業後背包(M),tk3c,226639,OTHERS,Backpack,1380.0,,OnlineOnly,簡單不失專業的設計感、背帶採蜂巢式減壓設計、多處分層收納物品、滿足探險者和攝影師外出需求、適裝13-15吋平板/筆電、拉鍊採用防盜設計 可上鎖,https://www.cdn-tkec.tw/image/product/202203/226639_M.jpg?t=20220321143009,{},2026-09-09T08:47:07.471709+00:00
https://www.tk3c.com/product/227454?p=1&kw=後背包&ec=Search_goodsPC1,GoRetro wBP-201 真皮油蠟後背包,tk3c,227454,OTHERS,Backpack,2880.0,,OnlineOnly,帆布做工耐括耐磨、油蠟塗層擁有獨特紋路、五金金屬扣具配件、復古時尚新美感,https://www.cdn-tkec.tw/image/product/202204/227454_M.jpg?t=20220413143005,{},2026-09-09T08:47:08.809521+00:00
https://www.tk3c.com/product/227467?p=1&kw=後背包&ec=Search_goodsPC1,GoRetro wBP-202 真皮油蠟後背包,tk3c,227467,OTHERS,Backpack,2990.0,,SoldOut,帆布做工耐括耐磨、油蠟塗層擁有獨特紋路、五金金屬扣具配件、復古時尚新美感,https://www.cdn-tkec.tw/image/product/202204/227467_M.jpg?t=20220413143006,{},2026-09-09T08:47:10.234863+00:00
https://www.tk3c.com/product/227967?p=1&kw=後背包&ec=Search_goodsPC1,NGS國家地理 時光旅人後背包,tk3c,227967,OTHERS,Backpack,1990.0,,SoldOut,全開式大容量背包、1主袋2前袋2側袋、可放14吋筆電或平板、五款大地色呈現自然之美,https://www.cdn-tkec.tw/image/product/202204/227967_M.jpg?t=20250307162554,{},2026-09-09T08:47:11.583089+00:00
https://www.tk3c.com/product/227969?p=1&kw=後背包&ec=Search_goodsPC1,NGS國家地理 時光旅人後背包,tk3c,227969,OTHERS,Backpack,1990.0,,SoldOut,全開式大容量背包、1主袋2前袋2側袋、可放14吋筆電或平板、五款大地色呈現自然之美,https://www.cdn-tkec.tw/image/product/202204/227969_M.jpg?t=20220428113833,{},2026-09-09T08:47:12.938162+00:00
https://www.tk3c.com/product/164297?p=1&kw=後背包&ec=Search_goodsPC1,Manfrotto 開拓者雙肩後背包-灰,tk3c,164297,Manfrotto,Backpack,2880.0,,SoldOut,日常活動皆適用的多功能雙肩後背包、可拆式相機內袋提供優質防護、背包有可收納約15.6吋筆電空間設計、多個收納空間與口袋可放置個人物品、可調整肩背帶與包款後方厚墊設計、側邊擁有外接腳架功能,https://www.cdn-tkec.tw/image/product/201602/164297_M.jpg?t=20160218170040,{},2026-09-09T08:47:14.297437+00:00
https://www.tk3c.com/product/155218?p=1&kw=後背包&ec=Search_goodsPC1,Manfrotto 專業級3合1斜肩後背包 L,tk3c,155218,Manfrotto,Backpack,5880.0,,SoldOut,此包提供三種背帶的攜帶、包包外部正面可加掛腳架、側邊擁有快速拿取裝置、背帶採用舒適透氣設計、內部隔層可隨個人調整,https://www.cdn-tkec.tw/image/product/201505/155218_M.jpg?t=20150526133926,{},2026-09-09T08:47:15.639411+00:00
https://www.tk3c.com/product/189360?p=1&kw=後背包&ec=Search_goodsPC1,WOLFFEPACK 都會悠遊迴後背包,tk3c,189360,OTHERS,Backpack,6000.0,,OnlineOnly,"可放15""筆電、側袋可放水瓶或雨傘、內部有多個口袋可放置、附設兩個鑰匙圈拉鏈口袋、前胸扣帶可拆/可調整長度、背架設有通風凹槽保持舒適清爽",https://www.cdn-tkec.tw/image/product/201807/189360_M.jpg?t=20180724180004,{},2026-09-09T08:47:17.391219+00:00
https://www.tk3c.com/product/264335?p=1&kw=藍牙喇叭&ec=Search_goodsPC1,JLab Go Party 無線藍牙喇叭(桃粉色),tk3c,264335,JLab,Bluetooth Speaker,1299.0,,OnlineOnly,高CP值支援多台串聯無線喇叭、10W輸出，呈現演唱會級震撼音、雙2吋單體與雙被動低音澎湃動感、採用藍牙 5.3，連線快速穩定,https://www.cdn-tkec.tw/image/product/202511/264335_M.jpg?t=20251110161539,{},2026-09-09T08:47:18.741414+00:00
https://www.tk3c.com/product/264337?p=1&kw=藍牙喇叭&ec=Search_goodsPC1,JLab Go Party 無線藍牙喇叭(海軍藍),tk3c,264337,JLab,Bluetooth Speaker,1299.0,,OnlineOnly,高CP值支援多台串聯無線喇叭、10W輸出，呈現演唱會級震撼音、雙2吋單體與雙被動低音澎湃動感、採用藍牙 5.3，連線快速穩定,https://www.cdn-tkec.tw/image/product/202511/264337_M.jpg?t=20251110161541,{},2026-09-09T08:47:20.109860+00:00
https://www.tk3c.com/product/149884?p=1&kw=藍牙喇叭&ec=Search_goodsPC1,倍加樂 冒險者藍牙揚聲器 HT-1072,tk3c,149884,OTHERS,Bluetooth Speaker,1090.0,,OnlineOnly,藍牙無線播放、防潑水防摔設計、輕巧戶外好攜帶6小時持續播放、免持接聽通話、藍牙/免持/虛擬重低音等功能、防強力吊扣,https://www.cdn-tkec.tw/image/product/201410/149884_M.jpg?t=20141023193035,{},2026-09-09T08:47:22.831754+00:00
https://www.tk3c.com/product/264527?p=1&kw=藍牙喇叭&ec=Search_goodsPC1,JBL GO 4可攜式防水藍牙喇叭(白色),tk3c,264527,JBL,Bluetooth Speaker,1880.0,,LimitedAvailability,隨時隨地享受 JBL Pro 的震撼音效、防水防塵、長達 7 小時的播放時間、多台喇叭連接,https://www.cdn-tkec.tw/image/product/202511/264527_M.jpg?t=20251118181527,{},2026-09-09T08:47:24.188253+00:00
https://www.tk3c.com/product/264339?p=1&kw=藍牙喇叭&ec=Search_goodsPC1,JBL GO 4可攜式防水藍牙喇叭(紅色),tk3c,264339,JBL,Bluetooth Speaker,1880.0,,LimitedAvailability,隨時隨地享受 JBL Pro 的震撼音效、防水防塵、長達 7 小時的播放時間、多台喇叭連接,https://www.cdn-tkec.tw/image/product/202511/264339_M.jpg?t=20251110161545,{},2026-09-09T08:47:25.553828+00:00
https://www.tk3c.com/product/271011?p=1&kw=藍牙喇叭&ec=Search_goodsPC1,Tribit PocketGo 可攜式口袋藍牙喇叭 黑,tk3c,271011,OTHERS,Bluetooth Speaker,899.0,,SoldOut,放進口袋的震撼音場、Toms Guide 2025 推薦最佳可攜喇叭、藍牙6.0抗干擾更強、傳輸更穩定、比手機小，輕鬆放入口袋或包包,https://www.cdn-tkec.tw/image/product/202607/271011_M.jpg?t=20260709111533,{},2026-09-09T08:47:27.025805+00:00
https://www.tk3c.com/product/271012?p=1&kw=藍牙喇叭&ec=Search_goodsPC1,Tribit PocketGo 可攜式口袋藍牙喇叭 藍,tk3c,271012,OTHERS,Bluetooth Speaker,899.0,,SoldOut,放進口袋的震撼音場、Toms Guide 2025 推薦最佳可攜喇叭、藍牙6.0抗干擾更強、傳輸更穩定、比手機小，輕鬆放入口袋或包包,https://www.cdn-tkec.tw/image/product/202607/271012_M.jpg?t=20260709111533,{},2026-09-09T08:47:28.399717+00:00
https://www.tk3c.com/product/271013?p=1&kw=藍牙喇叭&ec=Search_goodsPC1,Tribit PocketGo 可攜式口袋藍牙喇叭 綠,tk3c,271013,OTHERS,Bluetooth Speaker,899.0,,SoldOut,放進口袋的震撼音場、Toms Guide 2025 推薦最佳可攜喇叭、藍牙6.0抗干擾更強、傳輸更穩定、比手機小，輕鬆放入口袋或包包,https://www.cdn-tkec.tw/image/product/202607/271013_M.jpg?t=20260709111534,{},2026-09-09T08:47:29.765020+00:00
https://www.tk3c.com/product/271014?p=1&kw=藍牙喇叭&ec=Search_goodsPC1,Tribit StormBox Lava 可攜式藍牙喇叭 黑,tk3c,271014,OTHERS,Bluetooth Speaker,3999.0,,OnlineOnly,CNET 推薦 2025 年最佳藍牙喇叭、80W大功率震撼音效表現、43Hz 震撼低音，更有現場感、結合 TI 擴大技術，輸出更穩定,https://www.cdn-tkec.tw/image/product/202607/271014_M.jpg?t=20260709111534,{},2026-09-09T08:47:31.146812+00:00
https://www.tk3c.com/product/271015?p=1&kw=藍牙喇叭&ec=Search_goodsPC1,Tribit StormBox Lava 可攜式藍牙喇叭 灰,tk3c,271015,OTHERS,Bluetooth Speaker,3999.0,,OnlineOnly,CNET 推薦 2025 年最佳藍牙喇叭、80W大功率震撼音效表現、43Hz 震撼低音，更有現場感、結合 TI 擴大技術，輸出更穩定,https://www.cdn-tkec.tw/image/product/202607/271015_M.jpg?t=20260709111535,{},2026-09-09T08:47:32.508596+00:00
https://www.tk3c.com/product/271018?p=1&kw=藍牙喇叭&ec=Search_goodsPC1,Tribit StormBox Mini+ 可攜式藍牙喇叭 綠,tk3c,271018,OTHERS,Bluetooth Speaker,999.0,,OnlineOnly,CNET 推薦 2025 年最佳藍牙喇叭、80W大功率震撼音效表現、43Hz 震撼低音，更有現場感、結合 TI 擴大技術，輸出更穩定,https://www.cdn-tkec.tw/image/product/202607/271018_M.jpg?t=20260709111536,{},2026-09-09T08:47:35.253489+00:00
https://www.tk3c.com/product/205918?p=1&kw=藍牙喇叭&ec=Search_goodsPC1,HAMMER 藍牙揚聲器,tk3c,205918,Hammer,Bluetooth Speaker,599.0,,InStock,藍牙5.0無線連接，提供超低功耗及高音質、炫彩LED，燈光隨著音樂節奏變化、高品質5W喇叭單體，提供優異重低音效果、內建鋰電池，連續撥放時間可達3小時、支援Micro SD卡 /USB / Line-in / FM、內置式麥克風，支援藍牙免持通話功能,https://www.cdn-tkec.tw/image/product/202002/205918_M.jpg?t=20200213143009,{},2026-09-09T08:47:36.604642+00:00
https://www.tk3c.com/product/234050?p=1&kw=藍牙喇叭&ec=Search_goodsPC1,EarFun UBOOM L 無線藍牙喇叭,tk3c,234050,ATake,Bluetooth Speaker,2280.0,,OnlineOnly,日本金獎｜榮獲日本VGP藍牙喇叭金賞獎冠軍、大師調音｜奧地利音樂大師Oluv，親自調音、聽覺饗宴｜55 mm大動態單體，聲音清晰解析,https://www.cdn-tkec.tw/image/product/202209/234050_M.jpg?t=20221012101842,{},2026-09-09T08:47:37.955119+00:00
https://www.tk3c.com/product/224339?p=1&kw=藍牙喇叭&ec=Search_goodsPC1,SANGEAN 復古藍牙喇叭收音機 WR-7X,tk3c,224339,SANGEAN,Bluetooth Speaker,2500.0,,OnlineOnly,"MOZART新升級新境界、藍芽5.0快速配對連線進行無線音樂播放、全音域喇叭TRIO單體 40MM 4W優質音效、低頻優化設計,人聲醇厚,低音澎湃、天然胡桃木音箱,高貴典雅、雙天線系統, FM收音更清晰、音訊輸入AUX IN、SANGEAN原廠保固1年",https://www.cdn-tkec.tw/image/product/202201/224339_M.jpg?t=20240920154908,{},2026-09-09T08:47:39.330182+00:00
https://www.tk3c.com/product/253602?p=1&kw=藍牙喇叭&ec=Search_goodsPC1,Solide SOL-301 2.1聲道全木質藍牙喇叭,tk3c,253602,Solide,Bluetooth Speaker,1890.0,,InStock,兼具藍牙 & FM收音機與USB/SD卡多功能喇叭、超大螢幕顯示，可手動選擇功能鍵也可用遙控器控制、FM Radio功能：可播放FM頻率電台、全木質音箱，聲音清晰亮麗、高音清亮，低音渾厚、3600W PMPO功率輸出、附遙控器功能，使用上更方便、AC 100-240V全電壓，國際通用,https://www.cdn-tkec.tw/image/product/202411/253602_M.jpg?t=20250401142548,{},2026-09-09T08:47:40.717395+00:00
https://www.tk3c.com/product/264322?p=1&kw=藍牙喇叭&ec=Search_goodsPC1,JLab JBuds Party 無線藍牙喇叭(桃粉色),tk3c,264322,JLab,Bluetooth Speaker,2299.0,,OnlineOnly,高CP值支援多台串聯無線喇叭、30W 輸出功率音效細節清晰、震撼音效雙2.5吋全頻單體、採用藍牙 5.3，連線快速穩定,https://www.cdn-tkec.tw/image/product/202511/264322_M.jpg?t=20251110161542,{},2026-09-09T08:47:42.061986+00:00
https://www.tk3c.com/product/264324?p=1&kw=藍牙喇叭&ec=Search_goodsPC1,JLab JBuds Party 無線藍牙喇叭(海軍藍),tk3c,264324,JLab,Bluetooth Speaker,2299.0,,OnlineOnly,高CP值支援多台串聯無線喇叭、30W 輸出功率音效細節清晰、震撼音效雙2.5吋全頻單體、採用藍牙 5.3，連線快速穩定,https://www.cdn-tkec.tw/image/product/202511/264324_M.jpg?t=20251110161543,{},2026-09-09T08:47:43.442516+00:00
https://www.tk3c.com/product/264326?p=1&kw=藍牙喇叭&ec=Search_goodsPC1,JLab Pop Party 無線藍牙喇叭(午夜黑),tk3c,264326,JLab,Bluetooth Speaker,799.0,,OnlineOnly,高CP值!千元以下攜帶型藍牙喇叭、持久續播放時間最長達 8 小時、音效震撼2吋單體+被動低音振膜、採用藍牙 5.3，連線快速穩定,https://www.cdn-tkec.tw/image/product/202511/264326_M.jpg?t=20251110161533,{},2026-09-09T08:47:44.794688+00:00
https://www.tk3c.com/product/262845?p=1&kw=電腦螢幕&ec=Search_goodsPC1,華碩 ASUS TUF Gaming 27型 FHD IPS電競螢幕 (1920X1080/200Hz/0.3ms),tk3c,262845,ASUS,Monitor,4590.0,,InStock,27吋/1920x1080FHD/Fast IPS、反應時間0.3ms GTG (最小值)、FreeSync Premium、DisplayWidget Center、TUF Gaming AI 技術具備 AI 支援的功能,https://www.cdn-tkec.tw/image/product/202509/262845_M.jpg?t=20251007114344,{},2026-09-09T08:47:55.923052+00:00
https://www.tk3c.com/product/263036?p=1&kw=電腦螢幕&ec=Search_goodsPC1,華碩 ASUS 27型 FHD IPS 護眼電競螢幕 (120Hz/1920x1080/1ms),tk3c,263036,ASUS,Monitor,2888.0,,InStock,27吋 Full HD IPS 護眼電競螢幕、SmoothMotion 120Hz 更新率、Eye Care Plus 技術、DisplayWidget Center,https://www.cdn-tkec.tw/image/product/202509/263036_M.jpg?t=20251016162624,{},2026-09-09T08:47:57.311617+00:00
https://www.tk3c.com/product/252545?p=1&kw=電腦螢幕&ec=Search_goodsPC1,Glolux 三段調光螢幕掛燈,tk3c,252545,OTHERS,Monitor,799.0,,InStock,開關類型:觸控式開關、適用20mm-50mm厚度螢幕、50cm大尺寸照射範圍、USB供電、功能:可定時60分鐘關燈、色溫:3000K/4000K/6000K(三色可調)、保護眼睛，抗藍光,https://www.cdn-tkec.tw/image/product/202409/252545_M.jpg?t=20250917110639,{},2026-09-09T08:48:00.067945+00:00
https://www.tk3c.com/product/263035?p=1&kw=電腦螢幕&ec=Search_goodsPC1,華碩 ASUS 25型 IPS 120Hz 護眼電競螢幕 ★內建喇叭免外接★ (FHD/1920x1080/1ms),tk3c,263035,ASUS,Monitor,2688.0,,InStock,25吋Full HD IPS護眼電競螢幕、無邊框、120Hz、Adaptive-Sync、1ms MPRT、HDMI、VGA、低藍光、不閃屏、壁掛式,https://www.cdn-tkec.tw/image/product/202509/263035_M.jpg?t=20251121092348,{},2026-09-09T08:48:01.445956+00:00
https://www.tk3c.com/product/248077?p=1&kw=電腦螢幕&ec=Search_goodsPC1,宏碁 Acer 27型 2K VA 曲面電競螢幕 (2560x1440/180Hz/1ms/喇叭),tk3c,248077,ACER,Monitor,4999.0,,InStock,27吋/WQHD 2560x1440/VA/1500R曲面、螢幕比例:16:9/對比1000000:1/250cd/m、刷新率:180Hz/反應時間:1ms、2HDMI+DP+SPK+Audio Out/H線、Display Widget 公用程式軟體調整、內建喇叭:2Wx2、台灣三年保固到府收送,https://www.cdn-tkec.tw/image/product/202404/248077_M.jpg?t=20260410155258,{},2026-09-09T08:48:06.902672+00:00
https://www.tk3c.com/product/262637?p=1&kw=電腦螢幕&ec=Search_goodsPC1,"微星MSI 27型 WQHD 平面電競螢幕-加滑鼠 (27""/2560x1440/320Hz/0.5ms/IPS/白)",tk3c,262637,MSI,Wireless Mouse,7217.0,,LimitedAvailability,"27""/2560x1440(WQHD)/IPS、螢幕比例:16:9/亮度:SDR: 300 cd/m2、更新頻率:320Hz/反應時間:0.5ms (GtG)、1x DP/2x HDMI、3年保固、加滑鼠(市價$990/不挑款)",https://www.cdn-tkec.tw/image/product/202509/262637_M.jpg?t=20260731164322,{},2026-09-09T08:48:09.620588+00:00
https://www.tk3c.com/product/258115?p=1&kw=電腦螢幕&ec=Search_goodsPC1,宏碁 ACER 27型 FHD IPS 電競螢幕 (200Hz/0.5ms/2H+DP/2W喇叭*2),tk3c,258115,ACER,Monitor,3888.0,,InStock,"27吋/16:9 IPS 螢幕、更新率:200Hz/反應時:1ms/0.5ms(GTG, Min.)、2HDMI(2.0)+1DisplayPort(1.2)+SPK、HDR10 sRGB 99% wide color gamut、窄邊框設計、可調整升降/旋轉、AMD FreeSync Premium technology、台灣保固三年 (可到府收送)",https://www.cdn-tkec.tw/image/product/202504/258115_M.jpg?t=20260410094815,{},2026-09-09T08:48:11.017367+00:00
https://www.tk3c.com/product/263086?p=1&kw=電腦螢幕&ec=Search_goodsPC1,三星 SAMSUNG Odyssey G5 27型 2K IPS 電競螢幕 (2560x1440/200Hz/1ms),tk3c,263086,SAMSUNG,Monitor,4990.0,,InStock,"面板:27型 / IPS /解析度2560x1440、更新頻率 200Hz / 反應時間:1ms(GTG)、介面:DP(1.4)*1+HDMI(2.0)*2、原生對比度:1000:1 / 亮度: 300(標準)、特色1: 支援FreeSync、特色2: HDR 10 / 色域 :NTSC 72%、特色3:低藍光 / 零閃屏 / 壁掛、外箱內含螢幕,支架及相關配件",https://www.cdn-tkec.tw/image/product/202510/263086_M.jpg?t=20251020105634,{},2026-09-09T08:48:12.529911+00:00
https://www.tk3c.com/product/261400?p=1&kw=麥克風&ec=Search_goodsPC1,DJI MIC 3無線麥克風-接收器,tk3c,261400,DJI,Microphone,2790.0,,OnlineOnly,續航10小時、快速補電,https://www.cdn-tkec.tw/image/product/202508/261400_M.jpg?t=20250828162949,{},2026-09-09T08:48:44.109490+00:00
https://www.tk3c.com/product/261397?p=1&kw=麥克風&ec=Search_goodsPC1,DJI MIC 3無線麥克風,tk3c,261397,DJI,Microphone,7990.0,,InStock,支援四發八收、雙文件32-bit浮點內錄,https://www.cdn-tkec.tw/image/product/202508/261397_M.jpg?t=20251023174637,{},2026-09-09T08:48:45.490592+00:00
https://www.tk3c.com/product/268551?p=1&kw=麥克風&ec=Search_goodsPC1,DJI MIC MINI 2無線麥克風,tk3c,268551,DJI,Microphone,2690.0,,InStock,小巧超輕量,https://www.cdn-tkec.tw/image/product/202604/268551_M.jpg?t=20260421165343,{},2026-09-09T08:48:46.848761+00:00
https://www.tk3c.com/product/268552?p=1&kw=麥克風&ec=Search_goodsPC1,DJI MIC MINI 2無線麥克風(1v1),tk3c,268552,DJI,Microphone,1590.0,,OnlineOnly,小巧超輕量,https://www.cdn-tkec.tw/image/product/202604/268552_M.jpg?t=20260421165504,{},2026-09-09T08:48:48.253044+00:00
https://www.tk3c.com/product/130470?p=1&kw=麥克風&ec=Search_goodsPC1,三洋SANYO 動圈式麥克風,tk3c,130470,SANYO,Microphone,199.0,,InStock,高靈敏度，輕鬆歡唱不費力、抗干擾能力，有效抑制噪音輸出、流線型外觀，精緻高雅，堅固耐用,https://www.cdn-tkec.tw/image/product/201210/130470_M.jpg?t=20131209114632,{},2026-09-09T08:48:49.981821+00:00
https://www.tk3c.com/product/259754?p=1&kw=麥克風&ec=Search_goodsPC1,EAGLE UHF無線麥克風,tk3c,259754,EAGLE,Microphone,2900.0,,OnlineOnly,支援一對二功能，同時連接兩個麥克風、多頻道切換設計，避免干擾,https://www.cdn-tkec.tw/image/product/202506/259754_M.jpg?t=20250619191522,{},2026-09-09T08:48:51.342791+00:00
https://www.tk3c.com/product/261064?p=1&kw=麥克風&ec=Search_goodsPC1,EAGLE 一對二頭戴式無線麥克風,tk3c,261064,EAGLE,Microphone,3290.0,,OnlineOnly,使用UHF載波頻率，符合NCC檢驗之規範,https://www.cdn-tkec.tw/image/product/202508/261064_M.jpg?t=20250808121529,{},2026-09-09T08:48:55.861742+00:00
https://www.tk3c.com/product/261065?p=1&kw=麥克風&ec=Search_goodsPC1,EAGLE 一對一頭戴式無線麥克風,tk3c,261065,EAGLE,Microphone,2490.0,,OnlineOnly,使用UHF載波頻率，符合NCC檢驗之規範,https://www.cdn-tkec.tw/image/product/202508/261065_M.jpg?t=20250808121529,{},2026-09-09T08:48:57.233632+00:00
https://www.tk3c.com/product/218084?p=1&kw=麥克風&ec=Search_goodsPC1,雷蛇 Razer BlackShark V2X黑鯊耳機麥克風,tk3c,218084,RAZER,Headphones,1280.0,,InStock,心型指向麥克風、進階被動抗噪、輕量舒適設計、7.1 聲道環繞音效、跨平台相容,https://www.cdn-tkec.tw/image/product/202105/218084_M.jpg?t=20230224165944,{},2026-09-09T08:48:58.601061+00:00
https://www.tk3c.com/product/214786?p=1&kw=麥克風&ec=Search_goodsPC1,INTOPIC 頭戴式耳機麥克風,tk3c,214786,Intopic,Headphones,349.0,,InStock,"人體工學頭戴設計，依照不同臉型調整配戴、可調式麥克風管設計，上下角度可自行調整、立體環繞音效，音色飽滿、抗氧化鍍鎳插針，音質傳輸更真實、線控音量大小調節功能 方便使用、附贈音源轉接線,手機與電腦皆可使用",https://www.cdn-tkec.tw/image/product/202101/214786_M.jpg?t=20210112143309,{},2026-09-09T08:48:59.940721+00:00
https://www.tk3c.com/product/263083?p=1&kw=麥克風&ec=Search_goodsPC1,INTOPIC ENC降噪直播麥克風-白,tk3c,263083,Intopic,Microphone,799.0,,InStock,主動式降噪功能、全指向收音設計、自身監聽功能，插入3.5插針耳機、360度可迴旋麥克風收音立架、靜音按鍵設計，方便及時暫停收音、RGB漸變冷光色調，獨特迷幻的視覺效果、支援3/8英吋螺紋之懸臂支架,https://www.cdn-tkec.tw/image/product/202510/263083_M.jpg?t=20251001151534,{},2026-09-09T08:49:01.305580+00:00
https://www.tk3c.com/product/204087?p=1&kw=麥克風&ec=Search_goodsPC1,INTOPIC 頭戴式耳機麥克風,tk3c,204087,Intopic,Headphones,249.0,,InStock,人體工學頭戴設計，依照不同臉型調整配戴、固定式麥克風管設計、立體環繞音效，音色飽滿、抗氧化鍍金插針，音質傳輸更真實,https://www.cdn-tkec.tw/image/product/201911/204087_M.jpg?t=20191126105927,{},2026-09-09T08:49:02.673152+00:00
https://www.tk3c.com/product/256696?p=1&kw=麥克風&ec=Search_goodsPC1,EAGLE 高質量動圈式有線麥克風,tk3c,256696,EAGLE,Microphone,590.0,,OnlineOnly,高級拾音頭動圈式有線麥克風,https://www.cdn-tkec.tw/image/product/202503/256696_M.jpg?t=20250307163007,{},2026-09-09T08:49:04.054601+00:00
https://www.tk3c.com/product/263082?p=1&kw=麥克風&ec=Search_goodsPC1,INTOPIC ENC降噪直播麥克風-黑,tk3c,263082,Intopic,Microphone,799.0,,InStock,主動式降噪功能、全指向收音設計、自身監聽功能，插入3.5插針耳機、360度可迴旋麥克風收音立架、靜音按鍵設計，方便及時暫停收音、RGB漸變冷光色調，獨特迷幻的視覺效果、支援3/8英吋螺紋之懸臂支架,https://www.cdn-tkec.tw/image/product/202510/263082_M.jpg?t=20251001151534,{},2026-09-09T08:49:05.416491+00:00
https://www.tk3c.com/product/220832?p=1&kw=麥克風&ec=Search_goodsPC1,狐鐳 FOXXRAY 瞬音響狐電競麥克風,tk3c,220832,FOXXRAY,Microphone,399.0,,InStock,高靈敏全指向麥克風、方便使用的獨立麥克風開關設計、高品質麥克風單體，強化收音清晰度、可調整式金屬軟管，方便調整各種角度、內置配重，穩定本體重心、底部防滑墊配置,https://www.cdn-tkec.tw/image/product/202109/220832_M.jpg?t=20210914183227,{},2026-09-09T08:49:06.759427+00:00
https://www.tk3c.com/product/264064?p=1&kw=平板電腦&ec=Search_goodsPC1,SAMSUNG Galaxy Tab A11+ 平板電腦 8G/256G WiFi 躍進銀,tk3c,264064,SAMSUNG,Tablet,11691.0,,InStock,"MediaTek MT8775處理器、90Hz畫面更新率、800萬畫素主鏡頭、7,040mAh大電量/支援25W快充、IP52防水防塵、Dolby Atmos環繞音效、Samsung DeX/多重視窗、One UI 8.0/支援Galaxy AI",https://www.cdn-tkec.tw/image/product/202510/264064_M.jpg?t=20251113182126,{},2026-09-09T08:49:09.591726+00:00
https://www.tk3c.com/product/263019?p=1&kw=平板電腦&ec=Search_goodsPC1,Lenovo Idea Tab Plus 8G/256G 平板電腦,tk3c,263019,LENOVO,Tablet,10990.0,,InStock,"12.1"" 2.5K (2560x1600) IPS、處理器 MediaTek Dimensity 6400、記憶體 8GB/儲存 256GB、作業系統 Andriod 15、藍牙BT5.2 / WIFI 5、電池 10200mAh、內附皮套 筆、1年deposit 台灣保固",https://www.cdn-tkec.tw/image/product/202509/263019_IN.jpg?t=20251016175538,{},2026-09-09T08:49:10.939747+00:00
https://www.tk3c.com/product/263745?p=1&kw=平板電腦&ec=Search_goodsPC1,Lenovo Idea Tab Plus paperlike 平板電腦,tk3c,263745,LENOVO,Tablet,11990.0,,PreOrder,"12.1"" 2.5K (2560x1600) IPS 類紙膜、處理器 MediaTek Dimensity 6400、記憶體 8GB/儲存 256GB、作業系統 Andriod 15、藍牙BT5.2 / WIFI 5、電池 10200mAh、內附皮套+筆、1年deposit 台灣保固",https://www.cdn-tkec.tw/image/product/202510/263745_M.jpg?t=20251017201525,{},2026-09-09T08:49:17.752917+00:00
https://www.tk3c.com/product/258237?p=1&kw=電競手把&ec=Search_goodsPC1,iLeco 超性能三模遊戲手把,tk3c,258237,iLeco,Gaming Controller,889.0,,InStock,NCC認證型號:JP-3182、電源:充電式內置電池，電池容量:800mAh、充電電壓電流:DC 5V/370mA、連接插孔介面:USB Type C、材質:強化塑料、電子控制板、使用時間約6~10小時、工作電壓:DC 3.7V，工作電流:,https://www.cdn-tkec.tw/image/product/202505/258237_M.jpg?t=20250505171511,{},2026-09-09T08:49:36.108429+00:00
https://www.tk3c.com/product/258238?p=1&kw=電競手把&ec=Search_goodsPC1,iLeco 全功能三模遊戲手把,tk3c,258238,iLeco,Gaming Controller,999.0,,InStock,NCC認證型號:JP-3181、電源:充電式內置電池，電池容量:100mAh、充電電流:240mA，額定電壓:DC 5V、連接插孔介面:USB Type C、材質:強化塑料、電子控制板、充電時間約2小時、使用時間約8小時、工作電流:不震動≦90mA，震動≦200mA,https://www.cdn-tkec.tw/image/product/202505/258238_M.jpg?t=20250505171511,{},2026-09-09T08:49:37.467816+00:00
https://www.tk3c.com/product/260909?p=1&kw=電競手把&ec=Search_goodsPC1,PS5 無線控制器 + Arctis Nova 5促銷組合包,tk3c,260909,SONY,Gaming Controller,4990.0,,InStock,DualSense+SteelSeries Arctis Nova5、PS5手把 +電競耳機限量組合包、Nova5為 PlayStation 生態圈預設音頻裝備、DualSense：人體工學握把設計、觸覺回饋、Nova 5P:60小時超長續航，15分鐘快充6小時、360° Tempest3D 空間,https://www.cdn-tkec.tw/image/product/202508/260909_M.jpg?t=20250801101528,{},2026-09-09T08:49:38.816746+00:00
https://www.tk3c.com/product/265348?p=1&kw=電競手把&ec=Search_goodsPC1,iLeco 雷厲風行三模遊戲手把,tk3c,265348,iLeco,Gaming Controller,939.0,,InStock,高效3模連線選擇(藍牙、2.4G無線、有線)、PC藍牙電腦連線、自動辨識各平台連線玩遊戲、有線模式與2.4G、支援4吋至12.9吋 手機、平板電腦、1000Hz 電競級回報率、霍爾搖桿+霍爾扳機、採用ALPS日本大廠研發高精密感測組,https://www.cdn-tkec.tw/image/product/202512/265348_M.jpg?t=20251229121503,{},2026-09-09T08:49:40.170971+00:00
https://www.tk3c.com/product/252544?p=1&kw=人體工學椅&ec=Search_goodsPC1,輝葉良品V-Alloy鋁合金人體工學椅,tk3c,252544,輝葉,Office Chair,10800.0,,OnlineOnly,V型三段式追背設計、旋鈕追腰設計、德國進口網布、一體成形鋁合金椅腳、可調式頭枕、多角度扶手,https://www.cdn-tkec.tw/image/product/202409/252544_M.jpg?t=20250307105228,{},2026-09-09T08:49:41.530514+00:00
https://www.tk3c.com/product/225045?p=1&kw=遊戲手把&ec=Search_goodsPC1,iLeco JP-3雙震動經典遊戲手把,tk3c,225045,iLeco,Gaming Controller,269.0,,InStock,"支援 STAM、Epic Games、夜神模擬器、遊戲手把隨插即用,不需要特別驅動程式、支援Win10系統 ，提供玩家相容、人體工學設計,讓您擁有更舒適的遊戲體驗、雙震動馬達，提供更加真實遊戲體驗、PC360模式支援3競技搖桿",https://www.cdn-tkec.tw/image/product/202202/225045_M.jpg?t=20220211223026,{},2026-09-09T08:49:56.514770+00:00
https://www.tk3c.com/product/225044?p=1&kw=遊戲手把&ec=Search_goodsPC1,iLeco WJP-8無線雙震動遊戲手把,tk3c,225044,iLeco,Gaming Controller,349.0,,InStock,"支援 STAM、Epic Games、夜神模擬器、免驅動，無線暢玩PC360、Android/PS3、支援Win10系統 ，提供玩家相容、人體工學設計,讓您擁有更舒適的遊戲體驗、雙震動馬達，提供更加真實遊戲體驗、PC360模式支援3競技搖桿、替換電池設計，僅需4號電池2顆(另購)",https://www.cdn-tkec.tw/image/product/202202/225044_M.jpg?t=20220211223025,{},2026-09-09T08:49:57.858623+00:00
https://www.tk3c.com/product/226867?p=1&kw=遊戲手把&ec=Search_goodsPC1,iLeco JP-6 雙震動戰鬥遊戲手把,tk3c,226867,iLeco,Gaming Controller,349.0,,InStock,"強勢支援 STEAM、Epic Games、夜神模擬器、隨插即用,不需要特別驅動程式,即可使用、搖桿雙邊握把採用止滑微凸材質、有效加強操作穩定性、雙震動馬達，提供更加真實遊戲體驗、PC360模式支援4競技搖桿",https://www.cdn-tkec.tw/image/product/202203/226867_M.jpg?t=20220325143010,{},2026-09-09T08:50:00.155349+00:00
https://www.tk3c.com/product/226868?p=1&kw=遊戲手把&ec=Search_goodsPC1,iLeco JP-5 雙震動傳奇遊戲手把,tk3c,226868,iLeco,Gaming Controller,599.0,,InStock,"強勢支援 STEAM、Epic Games、夜神模擬器、便利的傳輸線可拆卸設計,更好收納攜帶、隨插即用,不需要特別驅動程式,即可使用、人體工學設計,擁有更舒適愉悅的體驗、雙震動馬達，提供更加真實遊戲體驗、PC360模式支援4競技搖桿",https://www.cdn-tkec.tw/image/product/202203/226868_M.jpg?t=20220325143010,{},2026-09-09T08:50:01.514752+00:00
https://www.tk3c.com/product/240786?p=1&kw=遊戲手把&ec=Search_goodsPC1,雷蛇 Razer Wolverine V2 Xbox Series X手把-白,tk3c,240786,RAZER,Gaming Controller,1890.0,,InStock,Xbox Series X專用有線遊戲控制器、L 型握把人體工學設計、RAZER 機械觸感動作鍵和方向鍵、額外按鍵提供進階控制力、輕鬆存取遊戲音效、搭配 Xbox One、Xbox Series X|S 或 PC,https://www.cdn-tkec.tw/image/product/202307/240786_M.jpg?t=20240613170939,{},2026-09-09T08:50:02.874233+00:00
https://www.tk3c.com/product/237881?p=1&kw=遊戲手把&ec=Search_goodsPC1,iLeco JP-7 雙震動精英遊戲手把,tk3c,237881,iLeco,Gaming Controller,399.0,,InStock,"強勢支援 STEAM、Epic Games、夜神模擬器、隨插即用,不需要特別驅動程式,即可使用、搖桿雙邊握把採用止滑微凸材質、有效加強操作穩定性、雙震動馬達，提供更加真實遊戲體驗、閃電十字鍵+脈衝板機鍵",https://www.cdn-tkec.tw/image/product/202303/237881_M.jpg?t=20240409113144,{},2026-09-09T08:50:04.295955+00:00
https://www.tk3c.com/product/252971?p=1&kw=遊戲手把&ec=Search_goodsPC1,雷蛇 Razer Wolverine V3 Tournament Edition 遊戲控制器,tk3c,252971,RAZER,Gaming Controller,2990.0,,InStock,最先進的有線電競控制器、4個背面滑鼠按鍵模塊與2個抓握緩衝鍵、快如閃電的滑鼠點擊，提供即時回應速度、較短的扳機鍵程輸入更快速、較長的扳機鍵程更優異的精準度與控制力、霍爾效應精準拇指搖桿、RAZER機械觸感動作鍵與8向懸浮方向鍵、提供職業級 XBOX 和 PC 自訂能力,https://www.cdn-tkec.tw/image/product/202410/252971_M.jpg?t=20241007163012,{},2026-09-09T08:50:05.654293+00:00
https://www.tk3c.com/product/253057?p=1&kw=遊戲手把&ec=Search_goodsPC1,PowerA XBOX官方授權炫光有線遊戲手把,tk3c,253057,PowerA,Gaming Controller,1299.0,,InStock,二十種不同的顏色和大量生動的組合、兩個 LED 模式：“呼吸”或“穩定”模式、兩個可映射的高級遊戲按鈕、三段式扳機鎖可實現精準推動、沉浸式雙振動馬達、一鍵式麥克風靜音的全新分享按鍵和音量旋鈕、帶光滑防摩擦環的高精度模擬搖桿、適用Xbox Series X|S相容Xbox One Windows,https://www.cdn-tkec.tw/image/product/202410/253057_M.jpg?t=20241014133012,{},2026-09-09T08:50:07.027008+00:00
https://www.tk3c.com/product/257996?p=1&kw=遊戲手把&ec=Search_goodsPC1,雷蛇 Razer Wolverine V3 Tournament Edition 遊戲控制器-白,tk3c,257996,RAZER,Gaming Controller,2990.0,,InStock,最先進的有線電競控制器、4個背面滑鼠按鍵模塊與2個抓握緩衝鍵、快如閃電的滑鼠點擊，提供即時回應速度、較短的扳機鍵程輸入更快速、較長的扳機鍵程更優異的精準度與控制力、霍爾效應精準拇指搖桿、RAZER機械觸感動作鍵與8向懸浮方向鍵、提供職業級 XBOX 和 PC 自訂能力,https://www.cdn-tkec.tw/image/product/202504/257996_M.jpg?t=20250819172644,{},2026-09-09T08:50:08.375538+00:00
https://www.tk3c.com/product/258227?p=1&kw=遊戲手把&ec=Search_goodsPC1,GAMESIR T4N PRO超新星遊戲手把(套裝版)-粉,tk3c,258227,GAMESIR,Gaming Controller,1586.0,,InStock,磁吸外殼設計，換殼如換新、ABXY靜音按鍵、定製款霍爾搖桿，穩定精準不漂移、六軸體感，一擊即爆,https://www.cdn-tkec.tw/image/product/202505/258227_M.jpg?t=20250505171505,{},2026-09-09T08:50:09.726562+00:00
https://www.tk3c.com/product/258228?p=1&kw=遊戲手把&ec=Search_goodsPC1,GAMESIR T4N PRO超新星遊戲手把(套裝版)-藍,tk3c,258228,GAMESIR,Gaming Controller,1586.0,,SoldOut,磁吸外殼設計，換殼如換新、ABXY靜音按鍵、定製款霍爾搖桿，穩定精準不漂移、六軸體感，一擊即爆,https://www.cdn-tkec.tw/image/product/202505/258228_M.jpg?t=20250505171506,{},2026-09-09T08:50:11.077240+00:00
https://www.tk3c.com/product/258235?p=1&kw=遊戲手把&ec=Search_goodsPC1,GAMESIR G7 SE 有線手把-紫(XBOX授權),tk3c,258235,GAMESIR,Gaming Controller,1786.0,,OnlineOnly,磁吸外殼 可拆換、背鍵鎖 防誤觸、霍爾搖桿 不漂移、四個馬達 五檔震感,https://www.cdn-tkec.tw/image/product/202505/258235_M.jpg?t=20250505171506,{},2026-09-09T08:50:12.436375+00:00
https://www.tk3c.com/product/258236?p=1&kw=遊戲手把&ec=Search_goodsPC1,GAMESIR G7 SE 有線手把-橘(XBOX授權),tk3c,258236,GAMESIR,Gaming Controller,1786.0,,OnlineOnly,磁吸外殼 可拆換、背鍵鎖 防誤觸、霍爾搖桿 不漂移、四個馬達 五檔震感,https://www.cdn-tkec.tw/image/product/202505/258236_M.jpg?t=20250505171508,{},2026-09-09T08:50:13.788448+00:00
https://www.tk3c.com/product/260326?p=1&kw=遊戲手把&ec=Search_goodsPC1,Flydigi 飛智 沙漠狐遊戲手把-暮光粉,tk3c,260326,Flydigi,Gaming Controller,880.0,,LimitedAvailability,飛智全新系列百元級遊戲手把、霍爾搖桿，電磁感應技術久用不漂移、霍爾扳機，比導電膠扳機更絲滑更精準、震感細膩，採用原廠同款非對稱馬達、ABXY三段式力學設計，輕彈乾脆、轉軸矽膠十字鍵，輕鬆操作不串鍵、人體工學曲線，不僅飽滿貼手又輕盈、支援三模多平台，PC/NS/手機都能,https://www.cdn-tkec.tw/image/product/202507/260326_M.jpg?t=20250715151600,{},2026-09-09T08:50:15.207055+00:00
https://www.tk3c.com/product/215170?p=1&kw=Xbox 手把&ec=Search_goodsPC1,XBOX 無線控制器 狙擊紅,tk3c,215170,XBOX_微軟,Gaming Controller,1990.0,,InStock,Xbox無線控制器（狙擊紅）、Wi-Fi Direct + 藍牙雙無線連線、3.5mm 的立體聲無線耳機插孔、有線端子更新為主流USB Type-C規格,https://www.cdn-tkec.tw/image/product/202101/215170_M.jpg?t=20210119183206,{},2026-09-09T08:50:23.897205+00:00
https://www.tk3c.com/product/212897?p=1&kw=Xbox 手把&ec=Search_goodsPC1,XBOX 無線控制器 衝擊藍,tk3c,212897,XBOX_微軟,Gaming Controller,1990.0,,InStock,XBOX ONE 無線控制器-磨砂黑、Wi-Fi Direct + 藍牙雙無線連線、3.5mm 的立體聲無線耳機插孔、有線端子更新為主流USB Type-C規格、原廠保固三個月,https://www.cdn-tkec.tw/image/product/202010/212897_M.jpg?t=20201022183058,{},2026-09-09T08:50:25.286744+00:00
https://www.tk3c.com/product/195263?p=1&kw=充電器&ec=Search_goodsPC1,國際牌Panasonic 充電器+eneloop充電電池3號2入,tk3c,195263,Panasonic,Charger,859.0,,InStock,BQ-CC17智控型電池充電器、eneloop標準型充電池3號2入,https://www.cdn-tkec.tw/image/product/201902/195263_M.jpg?t=20200411170403,{},2026-09-09T09:03:00.502425+00:00
https://www.tk3c.com/product/145936?p=1&kw=充電器&ec=Search_goodsPC1,SONY AC-VQ1051D攝影機L型鋰電池充電器,tk3c,145936,SONY,Charger,5800.0,,SoldOut,適用機種：Handycam L 系列鋰電池、適用電壓：100V-240V、隨附：充電座、車充、主機電源供電線、AC 電源線,https://www.cdn-tkec.tw/image/product/201406/145936_M.jpg?t=20140606060103,{},2026-09-09T09:03:02.135642+00:00
https://www.tk3c.com/product/253105?p=1&kw=充電器&ec=Search_goodsPC1,大通 快充3C1A 氮化鎵100W 充電組,tk3c,253105,大通PX,Charger,1310.0,,InStock,"100W大功率輸出 GaN氮化鎵晶片、三倍快充,並支援多款設備、多重保護機制 安心安全、90度折疊插腳設計 方便攜帶好收納、通過UL94 V0塑料最高檢驗標準、支援PPS/PD/QC/AFC/SCP/FCP等快充協議、保固2年 BSMI安規認證 3600萬責任險、內附USB-4認證 40Gbps/240W 高階CC一米線",https://www.cdn-tkec.tw/image/product/202410/253105_M.jpg?t=20241015113009,{},2026-09-09T09:03:05.352279+00:00
https://www.tk3c.com/product/195261?p=1&kw=充電器&ec=Search_goodsPC1,國際牌Panasonic 智控型充電器+充電電池3號2入,tk3c,195261,Panasonic,Charger,459.0,,InStock,BQ-CC17智控型電池充電器、標準型充電電池3號2入,https://www.cdn-tkec.tw/image/product/201902/195261_M.jpg?t=20240313101349,{},2026-09-09T09:03:07.085565+00:00
https://www.tk3c.com/product/195262?p=1&kw=充電器&ec=Search_goodsPC1,國際牌Panasonic 智控型充電器+充電電池4號2入,tk3c,195262,Panasonic,Charger,459.0,,InStock,BQ-CC17智控型電池充電器、經濟型充電池4號2入,https://www.cdn-tkec.tw/image/product/201902/195262_M.jpg?t=20220908100111,{},2026-09-09T09:03:10.385565+00:00
https://www.tk3c.com/product/259505?p=1&kw=充電器&ec=Search_goodsPC1,E-books B97 35W GaN氮化鎵2孔充電組,tk3c,259505,E-books,Charger,459.0,,InStock,輕巧體積散熱佳，耐高壓低耗損、支援國際電壓AC100-240V、充電器最大輸出35W、Type C to C充電傳輸線，支援PD快充、PC防火材質，堅固耐用,https://www.cdn-tkec.tw/image/product/202506/259505_M.jpg?t=20250618131514,{},2026-09-09T09:03:12.085638+00:00
https://www.tk3c.com/product/263700?p=1&kw=充電器&ec=Search_goodsPC1,Verbatim 65W氮化鎵雙孔充電器,tk3c,263700,Verbatim,Charger,1390.0,,InStock,USB-A QC 3.0、同時為 3 台裝置充電、整合GaN技術、支援PPS技術所需的理想充電功率、輸出功率顯示顯示連接埠的總功率輸出、採用優質阻燃材料製成的緊湊設計,https://www.cdn-tkec.tw/image/product/202510/263700_M.jpg?t=20260313133239,{},2026-09-09T09:03:13.969117+00:00
https://www.tk3c.com/product/247520?p=1&kw=充電器&ec=Search_goodsPC1,VAP 三合一磁吸無線充電器 白色,tk3c,247520,OTHERS,Charger,1990.0,,SoldOut,VAP三合一 磁吸充電器、一鍵充電貼心LED充電燈號顯示一目了然、垂直、水平充電皆可、防滑、節省空間設計,https://www.cdn-tkec.tw/image/product/202404/247520_M.jpg?t=20240402123009,{},2026-09-09T09:03:15.585619+00:00
https://www.tk3c.com/product/247521?p=1&kw=充電器&ec=Search_goodsPC1,VAP 三合一磁吸無線充電器 黑色,tk3c,247521,OTHERS,Charger,1990.0,,SoldOut,VAP三合一磁吸充電器、iPhone、Apple Watch、AirPods 一台搞定、一鍵充電，貼心LED充電燈號顯示，一目了然、防滑、節省空間設計、垂直、水平充電皆可,https://www.cdn-tkec.tw/image/product/202404/247521_M.jpg?t=20240402123009,{},2026-09-09T09:03:17.185683+00:00
